Año;Mes;Nacionalidad;Femenino;Masculino;Indefinido;Total;Nueva;columna;georreferenciada
2012;Enero;Venezuela;297;339;;636;POINT;0.81488;-77356
2012;Enero;Venezuela;7;12;;19;POINT;10406342;-75527794
2012;Enero;Venezuela;76;133;;209;POINT;10446304;-75516486
2012;Enero;Venezuela;55;70;;125;POINT;10886686;-74776479
2012;Enero;Venezuela;0;4;;4;POINT;11117206;-74232675
2012;Enero;Venezuela;1265;1721;;2986;POINT;11360029;-72129595
2012;Enero;Venezuela;1;0;;1;POINT;1152863;-72919186
2012;Enero;Venezuela;13;13;;26;POINT;125862;-81702165
2012;Enero;Venezuela;53;58;;111;POINT;3451668;-76532004
2012;Enero;Venezuela;5306;6178;;11484;POINT;4697157;-74140516
2012;Enero;Venezuela;7;24;;31;POINT;4815189;-75736374
2012;Enero;Venezuela;362;421;;783;POINT;6170465;-7542726
2012;Enero;Venezuela;5;3;;8;POINT;6185536;-67484028
2012;Enero;Venezuela;67;81;;148;POINT;7088729;-70740253
2012;Enero;Venezuela;3;1;;4;POINT;7128047;-73181317
2012;Enero;Venezuela;1767;1997;;3764;POINT;7819;-72453013
2012;Enero;Venezuela;431;487;;918;POINT;7927233;-72508188
2012;Enero;Venezuela;1;1;;2;POINT;863337;-7735002
2012;Febrero;Venezuela;0;3;;3;POINT;-4191162;-69941498
2012;Febrero;Venezuela;95;123;;218;POINT;0.81488;-77356
2012;Febrero;Venezuela;9;15;;24;POINT;10406342;-75527794
2012;Febrero;Venezuela;81;113;;194;POINT;10446304;-75516486
2012;Febrero;Venezuela;82;116;;198;POINT;10886686;-74776479
2012;Febrero;Venezuela;0;1;;1;POINT;10970933;-74765343
2012;Febrero;Venezuela;0;4;;4;POINT;11117206;-74232675
2012;Febrero;Venezuela;0;3;;3;POINT;11247723;-74213989
2012;Febrero;Venezuela;1852;2.26;;4112;POINT;11360029;-72129595
2012;Febrero;Venezuela;3;2;;5;POINT;1152863;-72919186
2012;Febrero;Venezuela;9;13;;22;POINT;125862;-81702165
2012;Febrero;Venezuela;49;60;;109;POINT;3451668;-76532004
2012;Febrero;Venezuela;0;2;;2;POINT;445285;-75766353
2012;Febrero;Venezuela;4326;5705;;10031;POINT;4697157;-74140516
2012;Febrero;Venezuela;2;15;;17;POINT;4815189;-75736374
2012;Febrero;Venezuela;294;336;;630;POINT;6170465;-7542726
2012;Febrero;Venezuela;4;6;;10;POINT;6185536;-67484028
2012;Febrero;Venezuela;27;45;;72;POINT;7088729;-70740253
2012;Febrero;Venezuela;6;10;;16;POINT;7128047;-73181317
2012;Febrero;Venezuela;1318;1.52;;2838;POINT;7819;-72453013
2012;Febrero;Venezuela;325;382;;707;POINT;7927233;-72508188
2012;Febrero;Venezuela;7;4;;11;POINT;863337;-7735002
2012;Marzo;Venezuela;48;89;;137;POINT;0.81488;-77356
2012;Marzo;Venezuela;17;9;;26;POINT;10406342;-75527794
2012;Marzo;Venezuela;64;123;;187;POINT;10446304;-75516486
2012;Marzo;Venezuela;116;137;;253;POINT;10886686;-74776479
2012;Marzo;Venezuela;0;4;;4;POINT;11117206;-74232675
2012;Marzo;Venezuela;1251;1.72;;2971;POINT;11360029;-72129595
2012;Marzo;Venezuela;2;1;;3;POINT;1152863;-72919186
2012;Marzo;Venezuela;0;1;;1;POINT;125744111;-81703935
2012;Marzo;Venezuela;8;7;;15;POINT;125862;-81702165
2012;Marzo;Venezuela;35;51;;86;POINT;3451668;-76532004
2012;Marzo;Venezuela;1;2;;3;POINT;445285;-75766353
2012;Marzo;Venezuela;4184;5545;;9729;POINT;4697157;-74140516
2012;Marzo;Venezuela;2;21;;23;POINT;4815189;-75736374
2012;Marzo;Venezuela;321;396;;717;POINT;6170465;-7542726
2012;Marzo;Venezuela;13;14;;27;POINT;6185536;-67484028
2012;Marzo;Venezuela;41;82;;123;POINT;7088729;-70740253
2012;Marzo;Venezuela;8;17;;25;POINT;7128047;-73181317
2012;Marzo;Venezuela;1299;1506;;2805;POINT;7819;-72453013
2012;Marzo;Venezuela;256;300;;556;POINT;7927233;-72508188
2012;Marzo;Venezuela;0;1;;1;POINT;863337;-7735002
2012;Abril;Venezuela;50;94;;144;POINT;0.81488;-77356
2012;Abril;Venezuela;0;1;;1;POINT;1800143;-78802679
2012;Abril;Venezuela;7;20;;27;POINT;10406342;-75527794
2012;Abril;Venezuela;0;14;;14;POINT;10433609;-73247863
2012;Abril;Venezuela;112;222;;334;POINT;10446304;-75516486
2012;Abril;Venezuela;35;53;;88;POINT;10886686;-74776479
2012;Abril;Venezuela;1;2;;3;POINT;11117206;-74232675
2012;Abril;Venezuela;0;3;;3;POINT;11247723;-74213989
2012;Abril;Venezuela;2051;2483;;4534;POINT;11360029;-72129595
2012;Abril;Venezuela;7;6;;13;POINT;1152863;-72919186
2012;Abril;Venezuela;8;8;;16;POINT;125862;-81702165
2012;Abril;Venezuela;51;58;;109;POINT;3451668;-76532004
2012;Abril;Venezuela;1;1;;2;POINT;445285;-75766353
2012;Abril;Venezuela;5067;5746;;10813;POINT;4697157;-74140516
2012;Abril;Venezuela;1;17;;18;POINT;4815189;-75736374
2012;Abril;Venezuela;243;312;;555;POINT;6170465;-7542726
2012;Abril;Venezuela;28;45;;73;POINT;6185536;-67484028
2012;Abril;Venezuela;47;47;;94;POINT;7088729;-70740253
2012;Abril;Venezuela;5;6;;11;POINT;7128047;-73181317
2012;Abril;Venezuela;1276;1365;;2641;POINT;7819;-72453013
2012;Abril;Venezuela;225;220;;445;POINT;7927233;-72508188
2012;Abril;Venezuela;0;1;;1;POINT;863337;-7735002
2012;Mayo;Venezuela;0;2;;2;POINT;-4191162;-69941498
2012;Mayo;Venezuela;40;60;;100;POINT;0.81488;-77356
2012;Mayo;Venezuela;3;12;;15;POINT;10406342;-75527794
2012;Mayo;Venezuela;88;130;;218;POINT;10446304;-75516486
2012;Mayo;Venezuela;56;92;;148;POINT;10886686;-74776479
2012;Mayo;Venezuela;0;1;;1;POINT;10970933;-74765343
2012;Mayo;Venezuela;0;2;;2;POINT;11247723;-74213989
2012;Mayo;Venezuela;1008;1448;;2456;POINT;11360029;-72129595
2012;Mayo;Venezuela;1;5;;6;POINT;1152863;-72919186
2012;Mayo;Venezuela;11;9;;20;POINT;125862;-81702165
2012;Mayo;Venezuela;52;78;;130;POINT;3451668;-76532004
2012;Mayo;Venezuela;3812;5305;;9117;POINT;4697157;-74140516
2012;Mayo;Venezuela;5;20;;25;POINT;4815189;-75736374
2012;Mayo;Venezuela;320;415;;735;POINT;6170465;-7542726
2012;Mayo;Venezuela;0;4;;4;POINT;6185536;-67484028
2012;Mayo;Venezuela;30;68;;98;POINT;7088729;-70740253
2012;Mayo;Venezuela;13;20;;33;POINT;7128047;-73181317
2012;Mayo;Venezuela;851;1016;;1867;POINT;7819;-72453013
2012;Mayo;Venezuela;175;197;;372;POINT;7927233;-72508188
2012;Mayo;Venezuela;0;1;;1;POINT;863337;-7735002
2012;Junio;Venezuela;32;69;;101;POINT;0.81488;-77356
2012;Junio;Venezuela;0;27;;27;POINT;10406342;-75527794
2012;Junio;Venezuela;80;122;;202;POINT;10446304;-75516486
2012;Junio;Venezuela;40;97;;137;POINT;10886686;-74776479
2012;Junio;Venezuela;0;2;;2;POINT;11247723;-74213989
2012;Junio;Venezuela;1048;1561;;2609;POINT;11360029;-72129595
2012;Junio;Venezuela;3;1;;4;POINT;1152863;-72919186
2012;Junio;Venezuela;11;10;;21;POINT;125862;-81702165
2012;Junio;Venezuela;39;50;;89;POINT;3451668;-76532004
2012;Junio;Venezuela;3.77;4979;;8749;POINT;4697157;-74140516
2012;Junio;Venezuela;3;13;;16;POINT;4815189;-75736374
2012;Junio;Venezuela;292;362;;654;POINT;6170465;-7542726
2012;Junio;Venezuela;7;4;;11;POINT;6185536;-67484028
2012;Junio;Venezuela;59;110;;169;POINT;7088729;-70740253
2012;Junio;Venezuela;7;10;;17;POINT;7128047;-73181317
2012;Junio;Venezuela;1018;1303;;2321;POINT;7819;-72453013
2012;Junio;Venezuela;186;236;;422;POINT;7927233;-72508188
2012;Julio;Venezuela;1;1;;2;POINT;0.33002;-76876446
2012;Julio;Venezuela;47;75;;122;POINT;0.81488;-77356
2012;Julio;Venezuela;0;3;;3;POINT;10406342;-75527794
2012;Julio;Venezuela;88;94;;182;POINT;10446304;-75516486
2012;Julio;Venezuela;29;70;;99;POINT;10886686;-74776479
2012;Julio;Venezuela;0;5;;5;POINT;11117206;-74232675
2012;Julio;Venezuela;1.81;2333;;4143;POINT;11360029;-72129595
2012;Julio;Venezuela;1;2;;3;POINT;1152863;-72919186
2012;Julio;Venezuela;22;24;;46;POINT;125862;-81702165
2012;Julio;Venezuela;37;55;;92;POINT;3451668;-76532004
2012;Julio;Venezuela;0;1;;1;POINT;445285;-75766353
2012;Julio;Venezuela;4918;6202;;11.12;POINT;4697157;-74140516
2012;Julio;Venezuela;5;17;;22;POINT;4815189;-75736374
2012;Julio;Venezuela;478;511;;989;POINT;6170465;-7542726
2012;Julio;Venezuela;7;4;;11;POINT;6185536;-67484028
2012;Julio;Venezuela;30;40;;70;POINT;7088729;-70740253
2012;Julio;Venezuela;5;4;;9;POINT;7128047;-73181317
2012;Julio;Venezuela;1785;1888;;3673;POINT;7819;-72453013
2012;Julio;Venezuela;282;263;;545;POINT;7927233;-72508188
2012;Agosto;Venezuela;0;1;;1;POINT;-4191162;-69941498
2012;Agosto;Venezuela;5;1;;6;POINT;0.33002;-76876446
2012;Agosto;Venezuela;95;126;;221;POINT;0.81488;-77356
2012;Agosto;Venezuela;0;10;;10;POINT;10406342;-75527794
2012;Agosto;Venezuela;462;289;;751;POINT;10446304;-75516486
2012;Agosto;Venezuela;45;68;;113;POINT;10886686;-74776479
2012;Agosto;Venezuela;3578;3358;;6936;POINT;11360029;-72129595
2012;Agosto;Venezuela;2;0;;2;POINT;1152863;-72919186
2012;Agosto;Venezuela;30;28;;58;POINT;125862;-81702165
2012;Agosto;Venezuela;33;54;;87;POINT;3451668;-76532004
2012;Agosto;Venezuela;1;1;;2;POINT;445285;-75766353
2012;Agosto;Venezuela;6.48;6578;;13058;POINT;4697157;-74140516
2012;Agosto;Venezuela;1;9;;10;POINT;4815189;-75736374
2012;Agosto;Venezuela;562;648;;1.21;POINT;6170465;-7542726
2012;Agosto;Venezuela;3;5;;8;POINT;6185536;-67484028
2012;Agosto;Venezuela;103;133;;236;POINT;7088729;-70740253
2012;Agosto;Venezuela;3;8;;11;POINT;7128047;-73181317
2012;Agosto;Venezuela;3295;3022;;6317;POINT;7819;-72453013
2012;Agosto;Venezuela;502;484;;986;POINT;7927233;-72508188
2012;Agosto;Venezuela;0;1;;1;POINT;806667;-767333
2012;Septiembre;Venezuela;0;4;;4;POINT;0.33002;-76876446
2012;Septiembre;Venezuela;144;156;;300;POINT;0.81488;-77356
2012;Septiembre;Venezuela;347;311;;658;POINT;10446304;-75516486
2012;Septiembre;Venezuela;34;81;;115;POINT;10886686;-74776479
2012;Septiembre;Venezuela;0;4;;4;POINT;11117206;-74232675
2012;Septiembre;Venezuela;1.36;1693;;3053;POINT;11360029;-72129595
2012;Septiembre;Venezuela;1;0;;1;POINT;1152863;-72919186
2012;Septiembre;Venezuela;27;16;;43;POINT;125862;-81702165
2012;Septiembre;Venezuela;112;104;;216;POINT;3451668;-76532004
2012;Septiembre;Venezuela;5947;6938;;12885;POINT;4697157;-74140516
2012;Septiembre;Venezuela;0;7;;7;POINT;4815189;-75736374
2012;Septiembre;Venezuela;310;366;;676;POINT;6170465;-7542726
2012;Septiembre;Venezuela;2;3;;5;POINT;6185536;-67484028
2012;Septiembre;Venezuela;2;0;;2;POINT;6222552;-77401154
2012;Septiembre;Venezuela;28;47;;75;POINT;7088729;-70740253
2012;Septiembre;Venezuela;9;7;;16;POINT;7128047;-73181317
2012;Septiembre;Venezuela;1801;1765;;3566;POINT;7819;-72453013
2012;Septiembre;Venezuela;402;444;;846;POINT;7927233;-72508188
2012;Septiembre;Venezuela;0;2;;2;POINT;806667;-767333
2012;Septiembre;Venezuela;0;1;;1;POINT;863337;-7735002
2012;Octubre;Venezuela;0;2;;2;POINT;-4191162;-69941498
2012;Octubre;Venezuela;0;1;;1;POINT;0.33002;-76876446
2012;Octubre;Venezuela;69;83;;152;POINT;0.81488;-77356
2012;Octubre;Venezuela;0;20;;20;POINT;1397318;-77290564
2012;Octubre;Venezuela;0;1;;1;POINT;10406342;-75527794
2012;Octubre;Venezuela;131;153;;284;POINT;10446304;-75516486
2012;Octubre;Venezuela;35;75;;110;POINT;10886686;-74776479
2012;Octubre;Venezuela;2;7;;9;POINT;11117206;-74232675
2012;Octubre;Venezuela;776;1425;;2201;POINT;11360029;-72129595
2012;Octubre;Venezuela;20;12;;32;POINT;125862;-81702165
2012;Octubre;Venezuela;55;81;;136;POINT;3451668;-76532004
2012;Octubre;Venezuela;1;3;;4;POINT;445285;-75766353
2012;Octubre;Venezuela;5287;6649;;11936;POINT;4697157;-74140516
2012;Octubre;Venezuela;1;12;;13;POINT;4815189;-75736374
2012;Octubre;Venezuela;313;393;;706;POINT;6170465;-7542726
2012;Octubre;Venezuela;51;89;;140;POINT;6185536;-67484028
2012;Octubre;Venezuela;49;101;;150;POINT;7088729;-70740253
2012;Octubre;Venezuela;2;2;;4;POINT;7128047;-73181317
2012;Octubre;Venezuela;1046;1305;;2351;POINT;7819;-72453013
2012;Octubre;Venezuela;214;302;;516;POINT;7927233;-72508188
2012;Octubre;Venezuela;0;1;;1;POINT;863337;-7735002
2012;Noviembre;Venezuela;2;4;;6;POINT;-4191162;-69941498
2012;Noviembre;Venezuela;0;2;;2;POINT;0.33002;-76876446
2012;Noviembre;Venezuela;36;64;;100;POINT;0.81488;-77356
2012;Noviembre;Venezuela;3;5;;8;POINT;10406342;-75527794
2012;Noviembre;Venezuela;72;90;;162;POINT;10446304;-75516486
2012;Noviembre;Venezuela;27;63;;90;POINT;10886686;-74776479
2012;Noviembre;Venezuela;0;5;;5;POINT;11117206;-74232675
2012;Noviembre;Venezuela;0;2;;2;POINT;11247723;-74213989
2012;Noviembre;Venezuela;749;1391;;2.14;POINT;11360029;-72129595
2012;Noviembre;Venezuela;0;1;;1;POINT;1152863;-72919186
2012;Noviembre;Venezuela;16;10;;26;POINT;125862;-81702165
2012;Noviembre;Venezuela;62;89;;151;POINT;3451668;-76532004
2012;Noviembre;Venezuela;2;3;;5;POINT;445285;-75766353
2012;Noviembre;Venezuela;5158;6676;;11834;POINT;4697157;-74140516
2012;Noviembre;Venezuela;7;14;;21;POINT;4815189;-75736374
2012;Noviembre;Venezuela;372;561;;933;POINT;6170465;-7542726
2012;Noviembre;Venezuela;197;243;;440;POINT;6185536;-67484028
2012;Noviembre;Venezuela;40;79;;119;POINT;7088729;-70740253
2012;Noviembre;Venezuela;11;13;;24;POINT;7128047;-73181317
2012;Noviembre;Venezuela;1063;1339;;2402;POINT;7819;-72453013
2012;Noviembre;Venezuela;179;200;;379;POINT;7927233;-72508188
2012;Noviembre;Venezuela;1;1;;2;POINT;863337;-7735002
2012;Diciembre;Venezuela;0;1;;1;POINT;-4191162;-69941498
2012;Diciembre;Venezuela;0;2;;2;POINT;0.33002;-76876446
2012;Diciembre;Venezuela;66;95;;161;POINT;0.81488;-77356
2012;Diciembre;Venezuela;8;31;;39;POINT;10406342;-75527794
2012;Diciembre;Venezuela;138;155;;293;POINT;10446304;-75516486
2012;Diciembre;Venezuela;74;106;;180;POINT;10886686;-74776479
2012;Diciembre;Venezuela;3349;4331;;7.68;POINT;11360029;-72129595
2012;Diciembre;Venezuela;2;3;;5;POINT;1152863;-72919186
2012;Diciembre;Venezuela;10;9;;19;POINT;125862;-81702165
2012;Diciembre;Venezuela;91;104;;195;POINT;3451668;-76532004
2012;Diciembre;Venezuela;3;3;;6;POINT;445285;-75766353
2012;Diciembre;Venezuela;6518;6896;;13414;POINT;4697157;-74140516
2012;Diciembre;Venezuela;6;18;;24;POINT;4815189;-75736374
2012;Diciembre;Venezuela;630;616;;1246;POINT;6170465;-7542726
2012;Diciembre;Venezuela;174;236;;410;POINT;6185536;-67484028
2012;Diciembre;Venezuela;115;174;;289;POINT;7088729;-70740253
2012;Diciembre;Venezuela;11;12;;23;POINT;7128047;-73181317
2012;Diciembre;Venezuela;2675;3224;;5899;POINT;7819;-72453013
2012;Diciembre;Venezuela;648;666;;1314;POINT;7927233;-72508188
2013;Enero;Venezuela;218;230;;448;POINT;0.81488;-77356
2013;Enero;Venezuela;6;6;;12;POINT;10406342;-75527794
2013;Enero;Venezuela;110;161;;271;POINT;10446304;-75516486
2013;Enero;Venezuela;59;90;;149;POINT;10886686;-74776479
2013;Enero;Venezuela;1209;1878;;3087;POINT;11360029;-72129595
2013;Enero;Venezuela;1;1;;2;POINT;1152863;-72919186
2013;Enero;Venezuela;8;2;;10;POINT;125862;-81702165
2013;Enero;Venezuela;86;111;;197;POINT;3451668;-76532004
2013;Enero;Venezuela;1;1;;2;POINT;445285;-75766353
2013;Enero;Venezuela;5877;6.57;;12447;POINT;4697157;-74140516
2013;Enero;Venezuela;3;19;;22;POINT;4815189;-75736374
2013;Enero;Venezuela;358;415;;773;POINT;6170465;-7542726
2013;Enero;Venezuela;134;204;;338;POINT;6185536;-67484028
2013;Enero;Venezuela;57;104;;161;POINT;7088729;-70740253
2013;Enero;Venezuela;4;3;;7;POINT;7128047;-73181317
2013;Enero;Venezuela;1408;1586;;2994;POINT;7819;-72453013
2013;Enero;Venezuela;238;262;;500;POINT;7927233;-72508188
2013;Enero;Venezuela;1;2;;3;POINT;863337;-7735002
2013;Febrero;Venezuela;86;94;;180;POINT;0.81488;-77356
2013;Febrero;Venezuela;6;5;;11;POINT;10406342;-75527794
2013;Febrero;Venezuela;97;175;;272;POINT;10446304;-75516486
2013;Febrero;Venezuela;128;148;;276;POINT;10886686;-74776479
2013;Febrero;Venezuela;1;0;;1;POINT;11247723;-74213989
2013;Febrero;Venezuela;1714;2157;;3871;POINT;11360029;-72129595
2013;Febrero;Venezuela;1;3;;4;POINT;1152863;-72919186
2013;Febrero;Venezuela;18;10;;28;POINT;125862;-81702165
2013;Febrero;Venezuela;58;74;;132;POINT;3451668;-76532004
2013;Febrero;Venezuela;1;3;;4;POINT;445285;-75766353
2013;Febrero;Venezuela;6493;7.16;;13653;POINT;4697157;-74140516
2013;Febrero;Venezuela;6;25;;31;POINT;4815189;-75736374
2013;Febrero;Venezuela;417;477;;894;POINT;6170465;-7542726
2013;Febrero;Venezuela;214;333;;547;POINT;6185536;-67484028
2013;Febrero;Venezuela;45;72;;117;POINT;7088729;-70740253
2013;Febrero;Venezuela;15;10;;25;POINT;7128047;-73181317
2013;Febrero;Venezuela;1629;1.57;;3199;POINT;7819;-72453013
2013;Febrero;Venezuela;353;330;;683;POINT;7927233;-72508188
2013;Marzo;Venezuela;0;2;;2;POINT;-4191162;-69941498
2013;Marzo;Venezuela;68;95;;163;POINT;0.81488;-77356
2013;Marzo;Venezuela;4;10;;14;POINT;10406342;-75527794
2013;Marzo;Venezuela;104;139;;243;POINT;10446304;-75516486
2013;Marzo;Venezuela;39;63;;102;POINT;10886686;-74776479
2013;Marzo;Venezuela;1443;1824;;3267;POINT;11360029;-72129595
2013;Marzo;Venezuela;2;1;;3;POINT;1152863;-72919186
2013;Marzo;Venezuela;2;2;;4;POINT;125862;-81702165
2013;Marzo;Venezuela;44;74;;118;POINT;3451668;-76532004
2013;Marzo;Venezuela;0;2;;2;POINT;445285;-75766353
2013;Marzo;Venezuela;5349;6141;;11.49;POINT;4697157;-74140516
2013;Marzo;Venezuela;6;11;;17;POINT;4815189;-75736374
2013;Marzo;Venezuela;348;378;;726;POINT;6170465;-7542726
2013;Marzo;Venezuela;151;260;;411;POINT;6185536;-67484028
2013;Marzo;Venezuela;66;117;;183;POINT;7088729;-70740253
2013;Marzo;Venezuela;3;4;;7;POINT;7128047;-73181317
2013;Marzo;Venezuela;1257;1516;;2773;POINT;7819;-72453013
2013;Marzo;Venezuela;195;208;;403;POINT;7927233;-72508188
2013;Abril;Venezuela;1;3;;4;POINT;0.33002;-76876446
2013;Abril;Venezuela;41;71;;112;POINT;0.81488;-77356
2013;Abril;Venezuela;2;3;;5;POINT;10406342;-75527794
2013;Abril;Venezuela;5;24;;29;POINT;10433609;-73247863
2013;Abril;Venezuela;84;112;;196;POINT;10446304;-75516486
2013;Abril;Venezuela;33;57;;90;POINT;10886686;-74776479
2013;Abril;Venezuela;947;1321;;2268;POINT;11360029;-72129595
2013;Abril;Venezuela;2;2;;4;POINT;1152863;-72919186
2013;Abril;Venezuela;8;7;;15;POINT;125862;-81702165
2013;Abril;Venezuela;52;79;;131;POINT;3451668;-76532004
2013;Abril;Venezuela;4657;6221;;10878;POINT;4697157;-74140516
2013;Abril;Venezuela;3;19;;22;POINT;4815189;-75736374
2013;Abril;Venezuela;237;342;;579;POINT;6170465;-7542726
2013;Abril;Venezuela;120;225;;345;POINT;6185536;-67484028
2013;Abril;Venezuela;27;60;;87;POINT;7088729;-70740253
2013;Abril;Venezuela;5;5;;10;POINT;7128047;-73181317
2013;Abril;Venezuela;788;1014;;1802;POINT;7819;-72453013
2013;Abril;Venezuela;119;132;;251;POINT;7927233;-72508188
2013;Abril;Venezuela;0;1;;1;POINT;863337;-7735002
2013;Mayo;Venezuela;1;1;;2;POINT;-4191162;-69941498
2013;Mayo;Venezuela;0;1;;1;POINT;0.33002;-76876446
2013;Mayo;Venezuela;40;57;;97;POINT;0.81488;-77356
2013;Mayo;Venezuela;0;1;;1;POINT;10406342;-75527794
2013;Mayo;Venezuela;117;178;;295;POINT;10446304;-75516486
2013;Mayo;Venezuela;42;82;;124;POINT;10886686;-74776479
2013;Mayo;Venezuela;0;1;;1;POINT;10970933;-74765343
2013;Mayo;Venezuela;0;1;;1;POINT;11247723;-74213989
2013;Mayo;Venezuela;909;1365;;2274;POINT;11360029;-72129595
2013;Mayo;Venezuela;1;1;;2;POINT;1152863;-72919186
2013;Mayo;Venezuela;4;4;;8;POINT;125862;-81702165
2013;Mayo;Venezuela;46;102;;148;POINT;3451668;-76532004
2013;Mayo;Venezuela;1;0;;1;POINT;445285;-75766353
2013;Mayo;Venezuela;4629;6187;;10816;POINT;4697157;-74140516
2013;Mayo;Venezuela;2;11;;13;POINT;4815189;-75736374
2013;Mayo;Venezuela;267;440;;707;POINT;6170465;-7542726
2013;Mayo;Venezuela;78;176;;254;POINT;6185536;-67484028
2013;Mayo;Venezuela;52;67;;119;POINT;7088729;-70740253
2013;Mayo;Venezuela;4;3;;7;POINT;7128047;-73181317
2013;Mayo;Venezuela;905;1117;;2022;POINT;7819;-72453013
2013;Mayo;Venezuela;100;151;;251;POINT;7927233;-72508188
2013;Junio;Venezuela;0;2;;2;POINT;-4191162;-69941498
2013;Junio;Venezuela;0;1;;1;POINT;0.33002;-76876446
2013;Junio;Venezuela;44;57;;101;POINT;0.81488;-77356
2013;Junio;Venezuela;4;41;;45;POINT;10406342;-75527794
2013;Junio;Venezuela;75;116;;191;POINT;10446304;-75516486
2013;Junio;Venezuela;31;76;;107;POINT;10886686;-74776479
2013;Junio;Venezuela;0;1;;1;POINT;11247723;-74213989
2013;Junio;Venezuela;994;1553;;2547;POINT;11360029;-72129595
2013;Junio;Venezuela;0;1;;1;POINT;1152863;-72919186
2013;Junio;Venezuela;7;7;;14;POINT;125862;-81702165
2013;Junio;Venezuela;84;95;;179;POINT;3451668;-76532004
2013;Junio;Venezuela;4884;6.24;;11124;POINT;4697157;-74140516
2013;Junio;Venezuela;1;7;;8;POINT;4815189;-75736374
2013;Junio;Venezuela;332;457;;789;POINT;6170465;-7542726
2013;Junio;Venezuela;132;198;;330;POINT;6185536;-67484028
2013;Junio;Venezuela;76;149;;225;POINT;7088729;-70740253
2013;Junio;Venezuela;5;0;;5;POINT;7128047;-73181317
2013;Junio;Venezuela;991;1247;;2238;POINT;7819;-72453013
2013;Junio;Venezuela;116;131;;247;POINT;7927233;-72508188
2013;Julio;Venezuela;0;1;;1;POINT;0.33002;-76876446
2013;Julio;Venezuela;69;115;;184;POINT;0.81488;-77356
2013;Julio;Venezuela;6;9;;15;POINT;10406342;-75527794
2013;Julio;Venezuela;88;168;;256;POINT;10446304;-75516486
2013;Julio;Venezuela;45;128;;173;POINT;10886686;-74776479
2013;Julio;Venezuela;0;2;;2;POINT;11247723;-74213989
2013;Julio;Venezuela;1367;1949;;3316;POINT;11360029;-72129595
2013;Julio;Venezuela;1;0;;1;POINT;1152863;-72919186
2013;Julio;Venezuela;7;6;;13;POINT;125862;-81702165
2013;Julio;Venezuela;88;177;;265;POINT;3451668;-76532004
2013;Julio;Venezuela;5972;6774;;12746;POINT;4697157;-74140516
2013;Julio;Venezuela;4;11;;15;POINT;4815189;-75736374
2013;Julio;Venezuela;476;614;;1.09;POINT;6170465;-7542726
2013;Julio;Venezuela;151;259;;410;POINT;6185536;-67484028
2013;Julio;Venezuela;31;53;;84;POINT;7088729;-70740253
2013;Julio;Venezuela;7;9;;16;POINT;7128047;-73181317
2013;Julio;Venezuela;1625;1944;;3569;POINT;7819;-72453013
2013;Julio;Venezuela;195;278;;473;POINT;7927233;-72508188
2013;Julio;Venezuela;0;2;;2;POINT;863337;-7735002
2013;Agosto;Venezuela;0;1;;1;POINT;-4191162;-69941498
2013;Agosto;Venezuela;2;0;;2;POINT;0.33002;-76876446
2013;Agosto;Venezuela;44;77;;121;POINT;0.81488;-77356
2013;Agosto;Venezuela;21;30;;51;POINT;10406342;-75527794
2013;Agosto;Venezuela;79;113;;192;POINT;10446304;-75516486
2013;Agosto;Venezuela;38;109;;147;POINT;10886686;-74776479
2013;Agosto;Venezuela;2147;2313;;4.46;POINT;11360029;-72129595
2013;Agosto;Venezuela;0;1;;1;POINT;1152863;-72919186
2013;Agosto;Venezuela;6;5;;11;POINT;125862;-81702165
2013;Agosto;Venezuela;71;100;;171;POINT;3451668;-76532004
2013;Agosto;Venezuela;6306;6796;;13102;POINT;4697157;-74140516
2013;Agosto;Venezuela;2;9;;11;POINT;4815189;-75736374
2013;Agosto;Venezuela;481;589;;1.07;POINT;6170465;-7542726
2013;Agosto;Venezuela;23;49;;72;POINT;6185536;-67484028
2013;Agosto;Venezuela;122;164;;286;POINT;7088729;-70740253
2013;Agosto;Venezuela;6;3;;9;POINT;7128047;-73181317
2013;Agosto;Venezuela;1945;2.33;;4275;POINT;7819;-72453013
2013;Agosto;Venezuela;252;316;;568;POINT;7927233;-72508188
2013;Septiembre;Venezuela;0;2;;2;POINT;-4191162;-69941498
2013;Septiembre;Venezuela;193;234;;427;POINT;0.81488;-77356
2013;Septiembre;Venezuela;6;9;;15;POINT;10406342;-75527794
2013;Septiembre;Venezuela;81;140;;221;POINT;10446304;-75516486
2013;Septiembre;Venezuela;32;100;;132;POINT;10886686;-74776479
2013;Septiembre;Venezuela;6;5;;11;POINT;10970933;-74765343
2013;Septiembre;Venezuela;1.13;1867;;2997;POINT;11360029;-72129595
2013;Septiembre;Venezuela;2;4;;6;POINT;1152863;-72919186
2013;Septiembre;Venezuela;4;2;;6;POINT;125862;-81702165
2013;Septiembre;Venezuela;47;70;;117;POINT;3451668;-76532004
2013;Septiembre;Venezuela;0;2;;2;POINT;445285;-75766353
2013;Septiembre;Venezuela;5626;6289;;11915;POINT;4697157;-74140516
2013;Septiembre;Venezuela;3;15;;18;POINT;4815189;-75736374
2013;Septiembre;Venezuela;347;463;;810;POINT;6170465;-7542726
2013;Septiembre;Venezuela;10;49;;59;POINT;6185536;-67484028
2013;Septiembre;Venezuela;25;48;;73;POINT;7088729;-70740253
2013;Septiembre;Venezuela;10;11;;21;POINT;7128047;-73181317
2013;Septiembre;Venezuela;1235;1549;;2784;POINT;7819;-72453013
2013;Septiembre;Venezuela;199;269;;468;POINT;7927233;-72508188
2013;Octubre;Venezuela;0;2;;2;POINT;-4191162;-69941498
2013;Octubre;Venezuela;1;3;;4;POINT;0.33002;-76876446
2013;Octubre;Venezuela;214;252;;466;POINT;0.81488;-77356
2013;Octubre;Venezuela;7;26;;33;POINT;10406342;-75527794
2013;Octubre;Venezuela;59;122;;181;POINT;10446304;-75516486
2013;Octubre;Venezuela;33;86;;119;POINT;10886686;-74776479
2013;Octubre;Venezuela;0;1;;1;POINT;10970933;-74765343
2013;Octubre;Venezuela;1208;1953;;3161;POINT;11360029;-72129595
2013;Octubre;Venezuela;0;2;;2;POINT;1152863;-72919186
2013;Octubre;Venezuela;2;5;;7;POINT;125862;-81702165
2013;Octubre;Venezuela;67;87;;154;POINT;3451668;-76532004
2013;Octubre;Venezuela;0;1;;1;POINT;445285;-75766353
2013;Octubre;Venezuela;5535;6683;;12218;POINT;4697157;-74140516
2013;Octubre;Venezuela;1;10;;11;POINT;4815189;-75736374
2013;Octubre;Venezuela;583;579;;1162;POINT;6170465;-7542726
2013;Octubre;Venezuela;17;81;;98;POINT;6185536;-67484028
2013;Octubre;Venezuela;119;159;;278;POINT;7088729;-70740253
2013;Octubre;Venezuela;2;7;;9;POINT;7128047;-73181317
2013;Octubre;Venezuela;1749;2071;;3.82;POINT;7819;-72453013
2013;Octubre;Venezuela;248;326;;574;POINT;7927233;-72508188
2013;Noviembre;Venezuela;2;0;;2;POINT;-4191162;-69941498
2013;Noviembre;Venezuela;172;241;;413;POINT;0.81488;-77356
2013;Noviembre;Venezuela;9;34;;43;POINT;10406342;-75527794
2013;Noviembre;Venezuela;80;133;;213;POINT;10446304;-75516486
2013;Noviembre;Venezuela;37;91;;128;POINT;10886686;-74776479
2013;Noviembre;Venezuela;0;1;;1;POINT;10970933;-74765343
2013;Noviembre;Venezuela;1016;1966;;2982;POINT;11360029;-72129595
2013;Noviembre;Venezuela;2;3;;5;POINT;1152863;-72919186
2013;Noviembre;Venezuela;0;1;;1;POINT;125744111;-81703935
2013;Noviembre;Venezuela;4;3;;7;POINT;125862;-81702165
2013;Noviembre;Venezuela;77;133;;210;POINT;3451668;-76532004
2013;Noviembre;Venezuela;0;1;;1;POINT;445285;-75766353
2013;Noviembre;Venezuela;5512;6.3;;11812;POINT;4697157;-74140516
2013;Noviembre;Venezuela;2;10;;12;POINT;4815189;-75736374
2013;Noviembre;Venezuela;795;783;;1578;POINT;6170465;-7542726
2013;Noviembre;Venezuela;136;189;;325;POINT;6185536;-67484028
2013;Noviembre;Venezuela;69;132;;201;POINT;7088729;-70740253
2013;Noviembre;Venezuela;2;10;;12;POINT;7128047;-73181317
2013;Noviembre;Venezuela;1678;2.29;;3968;POINT;7819;-72453013
2013;Noviembre;Venezuela;388;536;;924;POINT;7927233;-72508188
2013;Noviembre;Venezuela;0;1;;1;POINT;863337;-7735002
2013;Diciembre;Venezuela;0;1;;1;POINT;0.33002;-76876446
2013;Diciembre;Venezuela;149;218;;367;POINT;0.81488;-77356
2013;Diciembre;Venezuela;13;30;;43;POINT;10406342;-75527794
2013;Diciembre;Venezuela;139;168;;307;POINT;10446304;-75516486
2013;Diciembre;Venezuela;67;115;;182;POINT;10886686;-74776479
2013;Diciembre;Venezuela;2996;4237;;7233;POINT;11360029;-72129595
2013;Diciembre;Venezuela;7;6;;13;POINT;1152863;-72919186
2013;Diciembre;Venezuela;4;4;;8;POINT;125862;-81702165
2013;Diciembre;Venezuela;118;130;;248;POINT;3451668;-76532004
2013;Diciembre;Venezuela;0;1;;1;POINT;3884426;-77061029
2013;Diciembre;Venezuela;0;3;;3;POINT;445285;-75766353
2013;Diciembre;Venezuela;6548;7145;;13693;POINT;4697157;-74140516
2013;Diciembre;Venezuela;12;13;;25;POINT;4815189;-75736374
2013;Diciembre;Venezuela;834;784;;1618;POINT;6170465;-7542726
2013;Diciembre;Venezuela;48;105;;153;POINT;6185536;-67484028
2013;Diciembre;Venezuela;165;271;;436;POINT;7088729;-70740253
2013;Diciembre;Venezuela;8;11;;19;POINT;7128047;-73181317
2013;Diciembre;Venezuela;2803;3371;;6174;POINT;7819;-72453013
2013;Diciembre;Venezuela;454;552;;1006;POINT;7927233;-72508188
2013;Diciembre;Venezuela;0;1;;1;POINT;863337;-7735002
2014;Enero;Venezuela;2;11;;13;POINT;10406342;-75527794
2014;Enero;Venezuela;22;48;;70;POINT;10446304;-75516486
2014;Enero;Venezuela;29;67;;96;POINT;10886686;-74776479
2014;Enero;Venezuela;0;3;;3;POINT;11117206;-74232675
2014;Enero;Venezuela;1689;2919;;4608;POINT;11360029;-72129595
2014;Enero;Venezuela;40;48;;88;POINT;3451668;-76532004
2014;Enero;Venezuela;4501;5321;;9822;POINT;4697157;-74140516
2014;Enero;Venezuela;3;18;;21;POINT;4815189;-75736374
2014;Enero;Venezuela;365;440;;805;POINT;6170465;-7542726
2014;Enero;Venezuela;45;75;;120;POINT;6185536;-67484028
2014;Enero;Venezuela;79;183;;262;POINT;7088729;-70740253
2014;Enero;Venezuela;0;2;;2;POINT;7128047;-73181317
2014;Enero;Venezuela;2849;3141;;5.99;POINT;7819;-72453013
2014;Enero;Venezuela;140;181;;321;POINT;7927233;-72508188
2014;Febrero;Venezuela;0;19;;19;POINT;10406342;-75527794
2014;Febrero;Venezuela;9;44;;53;POINT;10446304;-75516486
2014;Febrero;Venezuela;44;76;;120;POINT;10886686;-74776479
2014;Febrero;Venezuela;1646;2334;;3.98;POINT;11360029;-72129595
2014;Febrero;Venezuela;11;19;;30;POINT;3451668;-76532004
2014;Febrero;Venezuela;3035;4.13;;7165;POINT;4697157;-74140516
2014;Febrero;Venezuela;3;3;;6;POINT;4815189;-75736374
2014;Febrero;Venezuela;193;268;;461;POINT;6170465;-7542726
2014;Febrero;Venezuela;43;90;;133;POINT;6185536;-67484028
2014;Febrero;Venezuela;55;84;;139;POINT;7088729;-70740253
2014;Febrero;Venezuela;1;4;;5;POINT;7128047;-73181317
2014;Febrero;Venezuela;1558;2162;;3.72;POINT;7819;-72453013
2014;Febrero;Venezuela;89;132;;221;POINT;7927233;-72508188
2014;Marzo;Venezuela;0;2;;2;POINT;10406342;-75527794
2014;Marzo;Venezuela;31;75;;106;POINT;10446304;-75516486
2014;Marzo;Venezuela;22;61;;83;POINT;10886686;-74776479
2014;Marzo;Venezuela;0;1;;1;POINT;11247723;-74213989
2014;Marzo;Venezuela;1061;1865;;2926;POINT;11360029;-72129595
2014;Marzo;Venezuela;2;7;;9;POINT;125862;-81702165
2014;Marzo;Venezuela;13;27;;40;POINT;3451668;-76532004
2014;Marzo;Venezuela;2743;3709;;6452;POINT;4697157;-74140516
2014;Marzo;Venezuela;4;3;;7;POINT;4815189;-75736374
2014;Marzo;Venezuela;135;214;;349;POINT;6170465;-7542726
2014;Marzo;Venezuela;69;135;;204;POINT;6185536;-67484028
2014;Marzo;Venezuela;85;164;;249;POINT;7088729;-70740253
2014;Marzo;Venezuela;5;7;;12;POINT;7128047;-73181317
2014;Marzo;Venezuela;1159;1827;;2986;POINT;7819;-72453013
2014;Marzo;Venezuela;64;79;;143;POINT;7927233;-72508188
2014;Abril;Venezuela;0;9;;9;POINT;10406342;-75527794
2014;Abril;Venezuela;14;58;;72;POINT;10446304;-75516486
2014;Abril;Venezuela;18;73;;91;POINT;10886686;-74776479
2014;Abril;Venezuela;0;2;;2;POINT;10970933;-74765343
2014;Abril;Venezuela;0;2;;2;POINT;11247723;-74213989
2014;Abril;Venezuela;1885;2916;;4801;POINT;11360029;-72129595
2014;Abril;Venezuela;4;5;;9;POINT;125862;-81702165
2014;Abril;Venezuela;9;18;;27;POINT;3451668;-76532004
2014;Abril;Venezuela;3862;4057;;7919;POINT;4697157;-74140516
2014;Abril;Venezuela;5;8;;13;POINT;4815189;-75736374
2014;Abril;Venezuela;260;317;;577;POINT;6170465;-7542726
2014;Abril;Venezuela;21;34;;55;POINT;6185536;-67484028
2014;Abril;Venezuela;65;124;;189;POINT;7088729;-70740253
2014;Abril;Venezuela;4;13;;17;POINT;7128047;-73181317
2014;Abril;Venezuela;1845;2486;;4331;POINT;7819;-72453013
2014;Abril;Venezuela;119;134;;253;POINT;7927233;-72508188
2014;Mayo;Venezuela;0;17;;17;POINT;10406342;-75527794
2014;Mayo;Venezuela;4;6;;10;POINT;10433609;-73247863
2014;Mayo;Venezuela;11;32;;43;POINT;10446304;-75516486
2014;Mayo;Venezuela;14;48;;62;POINT;10886686;-74776479
2014;Mayo;Venezuela;0;1;;1;POINT;10970933;-74765343
2014;Mayo;Venezuela;0;1;;1;POINT;11247723;-74213989
2014;Mayo;Venezuela;1033;1669;;2702;POINT;11360029;-72129595
2014;Mayo;Venezuela;1;0;;1;POINT;125862;-81702165
2014;Mayo;Venezuela;19;42;;61;POINT;3451668;-76532004
2014;Mayo;Venezuela;3038;4216;;7254;POINT;4697157;-74140516
2014;Mayo;Venezuela;4;10;;14;POINT;4815189;-75736374
2014;Mayo;Venezuela;246;445;;691;POINT;6170465;-7542726
2014;Mayo;Venezuela;15;29;;44;POINT;6185536;-67484028
2014;Mayo;Venezuela;27;35;;62;POINT;7088729;-70740253
2014;Mayo;Venezuela;0;2;;2;POINT;7128047;-73181317
2014;Mayo;Venezuela;1303;1879;;3182;POINT;7819;-72453013
2014;Mayo;Venezuela;104;120;;224;POINT;7927233;-72508188
2014;Junio;Venezuela;0;18;;18;POINT;10406342;-75527794
2014;Junio;Venezuela;4;10;;14;POINT;10446304;-75516486
2014;Junio;Venezuela;20;56;;76;POINT;10886686;-74776479
2014;Junio;Venezuela;0;2;;2;POINT;10970933;-74765343
2014;Junio;Venezuela;1;2;;3;POINT;11117206;-74232675
2014;Junio;Venezuela;1189;1867;;3056;POINT;11360029;-72129595
2014;Junio;Venezuela;9;18;;27;POINT;3451668;-76532004
2014;Junio;Venezuela;4483;5441;;9924;POINT;4697157;-74140516
2014;Junio;Venezuela;1;1;;2;POINT;4815189;-75736374
2014;Junio;Venezuela;64;104;;168;POINT;6170465;-7542726
2014;Junio;Venezuela;35;51;;86;POINT;6185536;-67484028
2014;Junio;Venezuela;82;169;;251;POINT;7088729;-70740253
2014;Junio;Venezuela;4;12;;16;POINT;7128047;-73181317
2014;Junio;Venezuela;1494;2076;;3.57;POINT;7819;-72453013
2014;Junio;Venezuela;156;172;;328;POINT;7927233;-72508188
2014;Julio;Venezuela;0;44;;44;POINT;10406342;-75527794
2014;Julio;Venezuela;23;105;;128;POINT;10446304;-75516486
2014;Julio;Venezuela;15;50;;65;POINT;10886686;-74776479
2014;Julio;Venezuela;0;12;;12;POINT;11117206;-74232675
2014;Julio;Venezuela;0;2;;2;POINT;11247723;-74213989
2014;Julio;Venezuela;1692;2297;;3989;POINT;11360029;-72129595
2014;Julio;Venezuela;3;22;;25;POINT;3451668;-76532004
2014;Julio;Venezuela;4963;5311;;10274;POINT;4697157;-74140516
2014;Julio;Venezuela;0;1;;1;POINT;4815189;-75736374
2014;Julio;Venezuela;94;157;;251;POINT;6170465;-7542726
2014;Julio;Venezuela;13;23;;36;POINT;6185536;-67484028
2014;Julio;Venezuela;55;88;;143;POINT;7088729;-70740253
2014;Julio;Venezuela;2817;3509;;6326;POINT;7819;-72453013
2014;Julio;Venezuela;274;278;;552;POINT;7927233;-72508188
2014;Agosto;Venezuela;1;19;;20;POINT;10406342;-75527794
2014;Agosto;Venezuela;18;83;;101;POINT;10446304;-75516486
2014;Agosto;Venezuela;10;43;;53;POINT;10886686;-74776479
2014;Agosto;Venezuela;3;5;;8;POINT;11117206;-74232675
2014;Agosto;Venezuela;2767;3257;;6024;POINT;11360029;-72129595
2014;Agosto;Venezuela;1;3;;4;POINT;125862;-81702165
2014;Agosto;Venezuela;1;6;;7;POINT;3451668;-76532004
2014;Agosto;Venezuela;4499;4398;;8897;POINT;4697157;-74140516
2014;Agosto;Venezuela;2;2;;4;POINT;4815189;-75736374
2014;Agosto;Venezuela;84;184;;268;POINT;6170465;-7542726
2014;Agosto;Venezuela;32;207;;239;POINT;6185536;-67484028
2014;Agosto;Venezuela;177;289;;466;POINT;7088729;-70740253
2014;Agosto;Venezuela;16;19;;35;POINT;7128047;-73181317
2014;Agosto;Venezuela;4781;5584;;10365;POINT;7819;-72453013
2014;Agosto;Venezuela;586;722;;1308;POINT;7927233;-72508188
2014;Septiembre;Venezuela;0;3;;3;POINT;10406342;-75527794
2014;Septiembre;Venezuela;9;42;;51;POINT;10446304;-75516486
2014;Septiembre;Venezuela;5;73;;78;POINT;10886686;-74776479
2014;Septiembre;Venezuela;0;1;;1;POINT;11247723;-74213989
2014;Septiembre;Venezuela;1527;2192;;3719;POINT;11360029;-72129595
2014;Septiembre;Venezuela;2;3;;5;POINT;125862;-81702165
2014;Septiembre;Venezuela;14;17;;31;POINT;3451668;-76532004
2014;Septiembre;Venezuela;3421;3.87;;7291;POINT;4697157;-74140516
2014;Septiembre;Venezuela;1;1;;2;POINT;4815189;-75736374
2014;Septiembre;Venezuela;29;75;;104;POINT;6170465;-7542726
2014;Septiembre;Venezuela;22;40;;62;POINT;6185536;-67484028
2014;Septiembre;Venezuela;69;85;;154;POINT;7088729;-70740253
2014;Septiembre;Venezuela;3;2;;5;POINT;7128047;-73181317
2014;Septiembre;Venezuela;3.12;4014;;7134;POINT;7819;-72453013
2014;Septiembre;Venezuela;393;399;;792;POINT;7927233;-72508188
2014;Octubre;Venezuela;0;11;;11;POINT;10406342;-75527794
2014;Octubre;Venezuela;7;35;;42;POINT;10446304;-75516486
2014;Octubre;Venezuela;19;74;;93;POINT;10886686;-74776479
2014;Octubre;Venezuela;0;3;;3;POINT;10970933;-74765343
2014;Octubre;Venezuela;1236;2044;;3.28;POINT;11360029;-72129595
2014;Octubre;Venezuela;18;38;;56;POINT;3451668;-76532004
2014;Octubre;Venezuela;3765;4607;;8372;POINT;4697157;-74140516
2014;Octubre;Venezuela;0;2;;2;POINT;4815189;-75736374
2014;Octubre;Venezuela;68;92;;160;POINT;6170465;-7542726
2014;Octubre;Venezuela;224;423;;647;POINT;6185536;-67484028
2014;Octubre;Venezuela;108;155;;263;POINT;7088729;-70740253
2014;Octubre;Venezuela;0;3;;3;POINT;7128047;-73181317
2014;Octubre;Venezuela;2798;3919;;6717;POINT;7819;-72453013
2014;Octubre;Venezuela;282;386;;668;POINT;7927233;-72508188
2014;Octubre;Venezuela;0;2;;2;POINT;9402597;-75681642
2014;Noviembre;Venezuela;0;12;;12;POINT;10406342;-75527794
2014;Noviembre;Venezuela;19;78;;97;POINT;10446304;-75516486
2014;Noviembre;Venezuela;10;55;;65;POINT;10886686;-74776479
2014;Noviembre;Venezuela;0;1;;1;POINT;10970933;-74765343
2014;Noviembre;Venezuela;1185;1999;;3184;POINT;11360029;-72129595
2014;Noviembre;Venezuela;0;2;;2;POINT;125862;-81702165
2014;Noviembre;Venezuela;12;33;;45;POINT;3451668;-76532004
2014;Noviembre;Venezuela;3854;4413;;8267;POINT;4697157;-74140516
2014;Noviembre;Venezuela;1;3;;4;POINT;4815189;-75736374
2014;Noviembre;Venezuela;37;115;;152;POINT;6170465;-7542726
2014;Noviembre;Venezuela;383;611;;994;POINT;6185536;-67484028
2014;Noviembre;Venezuela;83;143;;226;POINT;7088729;-70740253
2014;Noviembre;Venezuela;2893;3899;;6792;POINT;7819;-72453013
2014;Noviembre;Venezuela;241;327;;568;POINT;7927233;-72508188
2014;Diciembre;Venezuela;8;22;;30;POINT;10446304;-75516486
2014;Diciembre;Venezuela;15;56;;71;POINT;10886686;-74776479
2014;Diciembre;Venezuela;0;3;;3;POINT;10970933;-74765343
2014;Diciembre;Venezuela;0;6;;6;POINT;11117206;-74232675
2014;Diciembre;Venezuela;3505;4402;;7907;POINT;11360029;-72129595
2014;Diciembre;Venezuela;4;1;;5;POINT;125862;-81702165
2014;Diciembre;Venezuela;10;16;;26;POINT;3451668;-76532004
2014;Diciembre;Venezuela;7;7;;14;POINT;3866713;-67927521
2014;Diciembre;Venezuela;4523;4553;;9076;POINT;4697157;-74140516
2014;Diciembre;Venezuela;0;1;;1;POINT;4815189;-75736374
2014;Diciembre;Venezuela;64;74;;138;POINT;6170465;-7542726
2014;Diciembre;Venezuela;404;650;;1054;POINT;6185536;-67484028
2014;Diciembre;Venezuela;206;311;;517;POINT;7088729;-70740253
2014;Diciembre;Venezuela;3;13;;16;POINT;7128047;-73181317
2014;Diciembre;Venezuela;6268;7293;;13561;POINT;7819;-72453013
2014;Diciembre;Venezuela;669;627;;1296;POINT;7927233;-72508188
2015;Enero;Venezuela;0;19;;19;POINT;10406342;-75527794
2015;Enero;Venezuela;5;19;;24;POINT;10446304;-75516486
2015;Enero;Venezuela;9;45;;54;POINT;10886686;-74776479
2015;Enero;Venezuela;0;4;;4;POINT;10970933;-74765343
2015;Enero;Venezuela;1843;2794;;4637;POINT;11360029;-72129595
2015;Enero;Venezuela;9;34;;43;POINT;3451668;-76532004
2015;Enero;Venezuela;8;8;;16;POINT;3866713;-67927521
2015;Enero;Venezuela;3405;3945;;7.35;POINT;4697157;-74140516
2015;Enero;Venezuela;8;4;;12;POINT;4815189;-75736374
2015;Enero;Venezuela;45;87;;132;POINT;6170465;-7542726
2015;Enero;Venezuela;384;571;;955;POINT;6185536;-67484028
2015;Enero;Venezuela;93;189;;282;POINT;7088729;-70740253
2015;Enero;Venezuela;2;3;;5;POINT;7128047;-73181317
2015;Enero;Venezuela;3709;4861;;8.57;POINT;7819;-72453013
2015;Enero;Venezuela;296;286;;582;POINT;7927233;-72508188
2015;Febrero;Venezuela;0;22;;22;POINT;10406342;-75527794
2015;Febrero;Venezuela;20;32;;52;POINT;10446304;-75516486
2015;Febrero;Venezuela;13;71;;84;POINT;10886686;-74776479
2015;Febrero;Venezuela;0;4;;4;POINT;10970933;-74765343
2015;Febrero;Venezuela;2256;3048;;5304;POINT;11360029;-72129595
2015;Febrero;Venezuela;9;22;;31;POINT;3451668;-76532004
2015;Febrero;Venezuela;5;22;;27;POINT;3866713;-67927521
2015;Febrero;Venezuela;2942;3699;;6641;POINT;4697157;-74140516
2015;Febrero;Venezuela;0;1;;1;POINT;4815189;-75736374
2015;Febrero;Venezuela;26;67;;93;POINT;6170465;-7542726
2015;Febrero;Venezuela;305;511;;816;POINT;6185536;-67484028
2015;Febrero;Venezuela;70;118;;188;POINT;7088729;-70740253
2015;Febrero;Venezuela;1;5;;6;POINT;7128047;-73181317
2015;Febrero;Venezuela;2825;3574;;6399;POINT;7819;-72453013
2015;Febrero;Venezuela;252;282;;534;POINT;7927233;-72508188
2015;Marzo;Venezuela;1;28;;29;POINT;10406342;-75527794
2015;Marzo;Venezuela;57;104;;161;POINT;10446304;-75516486
2015;Marzo;Venezuela;7;68;;75;POINT;10886686;-74776479
2015;Marzo;Venezuela;0;7;;7;POINT;10970933;-74765343
2015;Marzo;Venezuela;2142;2691;;4833;POINT;11360029;-72129595
2015;Marzo;Venezuela;7;14;;21;POINT;3451668;-76532004
2015;Marzo;Venezuela;11;12;;23;POINT;3866713;-67927521
2015;Marzo;Venezuela;0;1;;1;POINT;3884426;-77061029
2015;Marzo;Venezuela;3645;4259;;7904;POINT;4697157;-74140516
2015;Marzo;Venezuela;5;6;;11;POINT;4815189;-75736374
2015;Marzo;Venezuela;31;83;;114;POINT;6170465;-7542726
2015;Marzo;Venezuela;124;228;;352;POINT;6185536;-67484028
2015;Marzo;Venezuela;142;227;;369;POINT;7088729;-70740253
2015;Marzo;Venezuela;4;7;;11;POINT;7128047;-73181317
2015;Marzo;Venezuela;3.27;4232;;7502;POINT;7819;-72453013
2015;Marzo;Venezuela;265;326;;591;POINT;7927233;-72508188
2015;Abril;Venezuela;0;9;;9;POINT;10406342;-75527794
2015;Abril;Venezuela;4;13;;17;POINT;10433609;-73247863
2015;Abril;Venezuela;8;28;;36;POINT;10446304;-75516486
2015;Abril;Venezuela;5;65;;70;POINT;10886686;-74776479
2015;Abril;Venezuela;0;5;;5;POINT;11247723;-74213989
2015;Abril;Venezuela;1775;2.84;;4615;POINT;11360029;-72129595
2015;Abril;Venezuela;9;18;;27;POINT;3451668;-76532004
2015;Abril;Venezuela;9;10;;19;POINT;3866713;-67927521
2015;Abril;Venezuela;3686;4295;;7981;POINT;4697157;-74140516
2015;Abril;Venezuela;0;1;;1;POINT;4815189;-75736374
2015;Abril;Venezuela;52;100;;152;POINT;6170465;-7542726
2015;Abril;Venezuela;149;264;;413;POINT;6185536;-67484028
2015;Abril;Venezuela;65;122;;187;POINT;7088729;-70740253
2015;Abril;Venezuela;2;3;;5;POINT;7128047;-73181317
2015;Abril;Venezuela;2712;3.84;;6552;POINT;7819;-72453013
2015;Abril;Venezuela;193;234;;427;POINT;7927233;-72508188
2015;Mayo;Venezuela;0;12;;12;POINT;10406342;-75527794
2015;Mayo;Venezuela;0;7;;7;POINT;10433609;-73247863
2015;Mayo;Venezuela;7;41;;48;POINT;10446304;-75516486
2015;Mayo;Venezuela;19;79;;98;POINT;10886686;-74776479
2015;Mayo;Venezuela;0;1;;1;POINT;10970933;-74765343
2015;Mayo;Venezuela;1.77;2658;;4428;POINT;11360029;-72129595
2015;Mayo;Venezuela;28;58;;86;POINT;3451668;-76532004
2015;Mayo;Venezuela;11;14;;25;POINT;3866713;-67927521
2015;Mayo;Venezuela;3172;3929;;7101;POINT;4697157;-74140516
2015;Mayo;Venezuela;0;4;;4;POINT;4815189;-75736374
2015;Mayo;Venezuela;59;81;;140;POINT;6170465;-7542726
2015;Mayo;Venezuela;199;462;;661;POINT;6185536;-67484028
2015;Mayo;Venezuela;53;106;;159;POINT;7088729;-70740253
2015;Mayo;Venezuela;2;6;;8;POINT;7128047;-73181317
2015;Mayo;Venezuela;3047;3986;;7033;POINT;7819;-72453013
2015;Mayo;Venezuela;229;282;;511;POINT;7927233;-72508188
2015;Junio;Venezuela;0;26;;26;POINT;10406342;-75527794
2015;Junio;Venezuela;9;30;;39;POINT;10446304;-75516486
2015;Junio;Venezuela;15;75;;90;POINT;10886686;-74776479
2015;Junio;Venezuela;0;1;;1;POINT;10970933;-74765343
2015;Junio;Venezuela;0;4;;4;POINT;11117206;-74232675
2015;Junio;Venezuela;0;1;;1;POINT;11247723;-74213989
2015;Junio;Venezuela;1.82;2608;;4428;POINT;11360029;-72129595
2015;Junio;Venezuela;0;2;;2;POINT;125862;-81702165
2015;Junio;Venezuela;14;29;;43;POINT;3451668;-76532004
2015;Junio;Venezuela;13;9;;22;POINT;3866713;-67927521
2015;Junio;Venezuela;3018;3716;;6734;POINT;4697157;-74140516
2015;Junio;Venezuela;1;4;;5;POINT;4815189;-75736374
2015;Junio;Venezuela;42;79;;121;POINT;6170465;-7542726
2015;Junio;Venezuela;214;397;;611;POINT;6185536;-67484028
2015;Junio;Venezuela;130;200;;330;POINT;7088729;-70740253
2015;Junio;Venezuela;1;2;;3;POINT;7128047;-73181317
2015;Junio;Venezuela;3055;3996;;7051;POINT;7819;-72453013
2015;Junio;Venezuela;201;217;;418;POINT;7927233;-72508188
2015;Julio;Venezuela;0;7;;7;POINT;10406342;-75527794
2015;Julio;Venezuela;431;374;;805;POINT;10446304;-75516486
2015;Julio;Venezuela;22;95;;117;POINT;10886686;-74776479
2015;Julio;Venezuela;0;6;;6;POINT;10970933;-74765343
2015;Julio;Venezuela;0;5;;5;POINT;11117206;-74232675
2015;Julio;Venezuela;2696;3355;;6051;POINT;11360029;-72129595
2015;Julio;Venezuela;2;0;;2;POINT;125862;-81702165
2015;Julio;Venezuela;14;20;;34;POINT;3451668;-76532004
2015;Julio;Venezuela;37;65;;102;POINT;3866713;-67927521
2015;Julio;Venezuela;3.92;4566;;8486;POINT;4697157;-74140516
2015;Julio;Venezuela;7;8;;15;POINT;4815189;-75736374
2015;Julio;Venezuela;856;898;;1754;POINT;6170465;-7542726
2015;Julio;Venezuela;389;646;;1035;POINT;6185536;-67484028
2015;Julio;Venezuela;70;115;;185;POINT;7088729;-70740253
2015;Julio;Venezuela;1;1;;2;POINT;7128047;-73181317
2015;Julio;Venezuela;4365;4.98;;9345;POINT;7819;-72453013
2015;Julio;Venezuela;342;315;;657;POINT;7927233;-72508188
2015;Agosto;Venezuela;0;9;;9;POINT;10406342;-75527794
2015;Agosto;Venezuela;521;433;;954;POINT;10446304;-75516486
2015;Agosto;Venezuela;5;37;;42;POINT;10886686;-74776479
2015;Agosto;Venezuela;0;6;;6;POINT;10970933;-74765343
2015;Agosto;Venezuela;4183;4807;;8.99;POINT;11360029;-72129595
2015;Agosto;Venezuela;18;40;;58;POINT;3451668;-76532004
2015;Agosto;Venezuela;52;78;;130;POINT;3866713;-67927521
2015;Agosto;Venezuela;4536;4731;;9267;POINT;4697157;-74140516
2015;Agosto;Venezuela;1;1;;2;POINT;4815189;-75736374
2015;Agosto;Venezuela;2585;2404;;4989;POINT;6170465;-7542726
2015;Agosto;Venezuela;359;641;;1;POINT;6185536;-67484028
2015;Agosto;Venezuela;323;401;;724;POINT;7088729;-70740253
2015;Agosto;Venezuela;12;10;;22;POINT;7128047;-73181317
2015;Agosto;Venezuela;4242;4548;;8.79;POINT;7819;-72453013
2015;Agosto;Venezuela;368;327;;695;POINT;7927233;-72508188
2015;Septiembre;Venezuela;0;9;;9;POINT;10406342;-75527794
2015;Septiembre;Venezuela;436;397;;833;POINT;10446304;-75516486
2015;Septiembre;Venezuela;15;53;;68;POINT;10886686;-74776479
2015;Septiembre;Venezuela;0;2;;2;POINT;10970933;-74765343
2015;Septiembre;Venezuela;970;1.25;;2.22;POINT;11360029;-72129595
2015;Septiembre;Venezuela;1;0;;1;POINT;125862;-81702165
2015;Septiembre;Venezuela;12;10;;22;POINT;3451668;-76532004
2015;Septiembre;Venezuela;34;44;;78;POINT;3866713;-67927521
2015;Septiembre;Venezuela;4122;4564;;8686;POINT;4697157;-74140516
2015;Septiembre;Venezuela;0;2;;2;POINT;4815189;-75736374
2015;Septiembre;Venezuela;2561;2271;;4832;POINT;6170465;-7542726
2015;Septiembre;Venezuela;205;424;;629;POINT;6185536;-67484028
2015;Septiembre;Venezuela;191;278;;469;POINT;7088729;-70740253
2015;Septiembre;Venezuela;3;2;;5;POINT;7128047;-73181317
2015;Septiembre;Venezuela;1457;1804;;3261;POINT;7819;-72453013
2015;Septiembre;Venezuela;61;89;;150;POINT;7927233;-72508188
2015;Octubre;Venezuela;0;21;;21;POINT;10406342;-75527794
2015;Octubre;Venezuela;443;376;;819;POINT;10446304;-75516486
2015;Octubre;Venezuela;20;63;;83;POINT;10886686;-74776479
2015;Octubre;Venezuela;2;20;;22;POINT;11117206;-74232675
2015;Octubre;Venezuela;206;288;;494;POINT;11360029;-72129595
2015;Octubre;Venezuela;18;33;;51;POINT;3451668;-76532004
2015;Octubre;Venezuela;34;55;;89;POINT;3866713;-67927521
2015;Octubre;Venezuela;4433;4837;;9.27;POINT;4697157;-74140516
2015;Octubre;Venezuela;0;2;;2;POINT;4815189;-75736374
2015;Octubre;Venezuela;2.4;2107;;4507;POINT;6170465;-7542726
2015;Octubre;Venezuela;27;50;;77;POINT;6185536;-67484028
2015;Octubre;Venezuela;46;96;;142;POINT;7088729;-70740253
2015;Octubre;Venezuela;6;10;;16;POINT;7128047;-73181317
2015;Octubre;Venezuela;1793;2282;;4075;POINT;7819;-72453013
2015;Octubre;Venezuela;78;95;;173;POINT;7927233;-72508188
2015;Noviembre;Venezuela;0;22;;22;POINT;10406342;-75527794
2015;Noviembre;Venezuela;545;431;;976;POINT;10446304;-75516486
2015;Noviembre;Venezuela;14;45;;59;POINT;10886686;-74776479
2015;Noviembre;Venezuela;0;4;;4;POINT;10970933;-74765343
2015;Noviembre;Venezuela;6;7;;13;POINT;11117206;-74232675
2015;Noviembre;Venezuela;188;291;;479;POINT;11360029;-72129595
2015;Noviembre;Venezuela;2;0;;2;POINT;125862;-81702165
2015;Noviembre;Venezuela;12;16;;28;POINT;3451668;-76532004
2015;Noviembre;Venezuela;36;59;;95;POINT;3866713;-67927521
2015;Noviembre;Venezuela;4208;4.76;;8968;POINT;4697157;-74140516
2015;Noviembre;Venezuela;4;4;;8;POINT;4815189;-75736374
2015;Noviembre;Venezuela;1892;1.81;;3702;POINT;6170465;-7542726
2015;Noviembre;Venezuela;59;101;;160;POINT;6185536;-67484028
2015;Noviembre;Venezuela;40;63;;103;POINT;7088729;-70740253
2015;Noviembre;Venezuela;7;6;;13;POINT;7128047;-73181317
2015;Noviembre;Venezuela;2521;3.08;;5601;POINT;7819;-72453013
2015;Noviembre;Venezuela;115;132;;247;POINT;7927233;-72508188
2015;Diciembre;Venezuela;0;20;;20;POINT;10406342;-75527794
2015;Diciembre;Venezuela;529;406;;935;POINT;10446304;-75516486
2015;Diciembre;Venezuela;27;48;;75;POINT;10886686;-74776479
2015;Diciembre;Venezuela;0;6;;6;POINT;11117206;-74232675
2015;Diciembre;Venezuela;225;330;;555;POINT;11360029;-72129595
2015;Diciembre;Venezuela;3;5;;8;POINT;125862;-81702165
2015;Diciembre;Venezuela;24;43;;67;POINT;3451668;-76532004
2015;Diciembre;Venezuela;47;48;;95;POINT;3866713;-67927521
2015;Diciembre;Venezuela;4543;4387;;8.93;POINT;4697157;-74140516
2015;Diciembre;Venezuela;1;4;;5;POINT;4815189;-75736374
2015;Diciembre;Venezuela;1985;1641;;3626;POINT;6170465;-7542726
2015;Diciembre;Venezuela;49;76;;125;POINT;6185536;-67484028
2015;Diciembre;Venezuela;61;145;;206;POINT;7088729;-70740253
2015;Diciembre;Venezuela;20;18;;38;POINT;7128047;-73181317
2015;Diciembre;Venezuela;3048;3439;;6487;POINT;7819;-72453013
2015;Diciembre;Venezuela;178;221;;399;POINT;7927233;-72508188
2016;Enero;Venezuela;0;42;;42;POINT;10406342;-75527794
2016;Enero;Venezuela;61;88;;149;POINT;10446304;-75516486
2016;Enero;Venezuela;14;47;;61;POINT;10886686;-74776479
2016;Enero;Venezuela;1;5;;6;POINT;11117206;-74232675
2016;Enero;Venezuela;244;414;;658;POINT;11360029;-72129595
2016;Enero;Venezuela;1;2;;3;POINT;125862;-81702165
2016;Enero;Venezuela;22;46;;68;POINT;3451668;-76532004
2016;Enero;Venezuela;36;47;;83;POINT;3866713;-67927521
2016;Enero;Venezuela;3445;3845;;7.29;POINT;4697157;-74140516
2016;Enero;Venezuela;5;9;;14;POINT;4815189;-75736374
2016;Enero;Venezuela;719;716;;1435;POINT;6170465;-7542726
2016;Enero;Venezuela;32;81;;113;POINT;6185536;-67484028
2016;Enero;Venezuela;43;80;;123;POINT;7088729;-70740253
2016;Enero;Venezuela;12;15;;27;POINT;7128047;-73181317
2016;Enero;Venezuela;2721;3401;;6122;POINT;7819;-72453013
2016;Enero;Venezuela;159;225;;384;POINT;7927233;-72508188
2016;Febrero;Venezuela;0;7;;7;POINT;10406342;-75527794
2016;Febrero;Venezuela;4;17;;21;POINT;10446304;-75516486
2016;Febrero;Venezuela;16;65;;81;POINT;10886686;-74776479
2016;Febrero;Venezuela;0;1;;1;POINT;10970933;-74765343
2016;Febrero;Venezuela;3;4;;7;POINT;11247723;-74213989
2016;Febrero;Venezuela;279;456;;735;POINT;11360029;-72129595
2016;Febrero;Venezuela;1;3;;4;POINT;125862;-81702165
2016;Febrero;Venezuela;14;28;;42;POINT;3451668;-76532004
2016;Febrero;Venezuela;48;53;;101;POINT;3866713;-67927521
2016;Febrero;Venezuela;2975;3669;;6644;POINT;4697157;-74140516
2016;Febrero;Venezuela;0;1;;1;POINT;4815189;-75736374
2016;Febrero;Venezuela;541;599;;1.14;POINT;6170465;-7542726
2016;Febrero;Venezuela;64;101;;165;POINT;6185536;-67484028
2016;Febrero;Venezuela;36;45;;81;POINT;7088729;-70740253
2016;Febrero;Venezuela;1;1;;2;POINT;7128047;-73181317
2016;Febrero;Venezuela;1865;2498;;4363;POINT;7819;-72453013
2016;Febrero;Venezuela;148;187;;335;POINT;7927233;-72508188
2016;Marzo;Venezuela;2;9;;11;POINT;10406342;-75527794
2016;Marzo;Venezuela;3;6;;9;POINT;10446304;-75516486
2016;Marzo;Venezuela;16;42;;58;POINT;10886686;-74776479
2016;Marzo;Venezuela;0;10;;10;POINT;11117206;-74232675
2016;Marzo;Venezuela;424;602;;1026;POINT;11360029;-72129595
2016;Marzo;Venezuela;0;1;;1;POINT;125862;-81702165
2016;Marzo;Venezuela;11;18;;29;POINT;3451668;-76532004
2016;Marzo;Venezuela;53;72;;125;POINT;3866713;-67927521
2016;Marzo;Venezuela;3.61;4205;;7815;POINT;4697157;-74140516
2016;Marzo;Venezuela;3;5;;8;POINT;4815189;-75736374
2016;Marzo;Venezuela;831;812;;1643;POINT;6170465;-7542726
2016;Marzo;Venezuela;81;134;;215;POINT;6185536;-67484028
2016;Marzo;Venezuela;63;93;;156;POINT;7088729;-70740253
2016;Marzo;Venezuela;2;11;;13;POINT;7128047;-73181317
2016;Marzo;Venezuela;1656;2095;;3751;POINT;7819;-72453013
2016;Marzo;Venezuela;107;146;;253;POINT;7927233;-72508188
2016;Abril;Venezuela;0;9;;9;POINT;10406342;-75527794
2016;Abril;Venezuela;6;4;;10;POINT;10433609;-73247863
2016;Abril;Venezuela;3;21;;24;POINT;10446304;-75516486
2016;Abril;Venezuela;11;61;;72;POINT;10886686;-74776479
2016;Abril;Venezuela;0;1;;1;POINT;10970933;-74765343
2016;Abril;Venezuela;0;5;;5;POINT;11117206;-74232675
2016;Abril;Venezuela;0;3;;3;POINT;11247723;-74213989
2016;Abril;Venezuela;402;643;;1045;POINT;11360029;-72129595
2016;Abril;Venezuela;1;4;;5;POINT;125862;-81702165
2016;Abril;Venezuela;15;20;;35;POINT;3451668;-76532004
2016;Abril;Venezuela;35;26;;61;POINT;3866713;-67927521
2016;Abril;Venezuela;3024;3553;;6577;POINT;4697157;-74140516
2016;Abril;Venezuela;2;5;;7;POINT;4815189;-75736374
2016;Abril;Venezuela;507;586;;1093;POINT;6170465;-7542726
2016;Abril;Venezuela;40;53;;93;POINT;6185536;-67484028
2016;Abril;Venezuela;51;47;;98;POINT;7088729;-70740253
2016;Abril;Venezuela;3;3;;6;POINT;7128047;-73181317
2016;Abril;Venezuela;1308;1935;;3243;POINT;7819;-72453013
2016;Abril;Venezuela;90;126;;216;POINT;7927233;-72508188
2016;Mayo;Venezuela;0;14;;14;POINT;10406342;-75527794
2016;Mayo;Venezuela;1;3;;4;POINT;10446304;-75516486
2016;Mayo;Venezuela;12;44;;56;POINT;10886686;-74776479
2016;Mayo;Venezuela;0;2;;2;POINT;10970933;-74765343
2016;Mayo;Venezuela;1;10;;11;POINT;11117206;-74232675
2016;Mayo;Venezuela;0;7;;7;POINT;11247723;-74213989
2016;Mayo;Venezuela;418;677;;1095;POINT;11360029;-72129595
2016;Mayo;Venezuela;1;1;;2;POINT;125862;-81702165
2016;Mayo;Venezuela;8;22;;30;POINT;3451668;-76532004
2016;Mayo;Venezuela;32;39;;71;POINT;3866713;-67927521
2016;Mayo;Venezuela;3.12;4011;;7131;POINT;4697157;-74140516
2016;Mayo;Venezuela;0;6;;6;POINT;4815189;-75736374
2016;Mayo;Venezuela;492;588;;1.08;POINT;6170465;-7542726
2016;Mayo;Venezuela;47;54;;101;POINT;6185536;-67484028
2016;Mayo;Venezuela;60;71;;131;POINT;7088729;-70740253
2016;Mayo;Venezuela;3;2;;5;POINT;7128047;-73181317
2016;Mayo;Venezuela;1513;2147;;3.66;POINT;7819;-72453013
2016;Mayo;Venezuela;136;172;;308;POINT;7927233;-72508188
2016;Junio;Venezuela;0;27;;27;POINT;10406342;-75527794
2016;Junio;Venezuela;9;22;;31;POINT;10446304;-75516486
2016;Junio;Venezuela;32;40;;72;POINT;10886686;-74776479
2016;Junio;Venezuela;0;1;;1;POINT;11247723;-74213989
2016;Junio;Venezuela;670;942;;1612;POINT;11360029;-72129595
2016;Junio;Venezuela;4;4;;8;POINT;125862;-81702165
2016;Junio;Venezuela;8;28;;36;POINT;3451668;-76532004
2016;Junio;Venezuela;24;38;;62;POINT;3866713;-67927521
2016;Junio;Venezuela;3351;4195;;7546;POINT;4697157;-74140516
2016;Junio;Venezuela;1;4;;5;POINT;4815189;-75736374
2016;Junio;Venezuela;659;733;;1392;POINT;6170465;-7542726
2016;Junio;Venezuela;27;46;;73;POINT;6185536;-67484028
2016;Junio;Venezuela;78;84;;162;POINT;7088729;-70740253
2016;Junio;Venezuela;2;4;;6;POINT;7128047;-73181317
2016;Junio;Venezuela;1466;2036;;3502;POINT;7819;-72453013
2016;Junio;Venezuela;161;165;;326;POINT;7927233;-72508188
2016;Julio;Venezuela;0;1;;1;POINT;10406342;-75527794
2016;Julio;Venezuela;29;40;;69;POINT;10446304;-75516486
2016;Julio;Venezuela;18;51;;69;POINT;10886686;-74776479
2016;Julio;Venezuela;1;10;;11;POINT;11117206;-74232675
2016;Julio;Venezuela;0;1;;1;POINT;11247723;-74213989
2016;Julio;Venezuela;2209;2843;;5052;POINT;11360029;-72129595
2016;Julio;Venezuela;2;4;;6;POINT;125862;-81702165
2016;Julio;Venezuela;8;25;;33;POINT;3451668;-76532004
2016;Julio;Venezuela;9;23;;32;POINT;3866713;-67927521
2016;Julio;Venezuela;4487;4615;;9102;POINT;4697157;-74140516
2016;Julio;Venezuela;1;3;;4;POINT;4815189;-75736374
2016;Julio;Venezuela;963;959;;1922;POINT;6170465;-7542726
2016;Julio;Venezuela;31;43;;74;POINT;6185536;-67484028
2016;Julio;Venezuela;44;45;;89;POINT;7088729;-70740253
2016;Julio;Venezuela;5;3;;8;POINT;7128047;-73181317
2016;Julio;Venezuela;2517;3113;;5.63;POINT;7819;-72453013
2016;Julio;Venezuela;263;288;;551;POINT;7927233;-72508188
2016;Julio;Venezuela;18;22;;40;POINT;836068;-72409396
2016;Agosto;Venezuela;0;11;;11;POINT;10406342;-75527794
2016;Agosto;Venezuela;5;6;;11;POINT;10446304;-75516486
2016;Agosto;Venezuela;46;156;;202;POINT;10886686;-74776479
2016;Agosto;Venezuela;8298;8635;;16933;POINT;11360029;-72129595
2016;Agosto;Venezuela;0;1;;1;POINT;125862;-81702165
2016;Agosto;Venezuela;27;23;;50;POINT;3451668;-76532004
2016;Agosto;Venezuela;14;15;;29;POINT;3866713;-67927521
2016;Agosto;Venezuela;4337;4693;;9.03;POINT;4697157;-74140516
2016;Agosto;Venezuela;6;11;;17;POINT;4815189;-75736374
2016;Agosto;Venezuela;828;912;;1.74;POINT;6170465;-7542726
2016;Agosto;Venezuela;1342;1695;;3037;POINT;6185536;-67484028
2016;Agosto;Venezuela;5234;4834;;10068;POINT;7088729;-70740253
2016;Agosto;Venezuela;10;8;;18;POINT;7128047;-73181317
2016;Agosto;Venezuela;6171;7462;;13633;POINT;7819;-72453013
2016;Agosto;Venezuela;0;2;;2;POINT;7927233;-72508188
2016;Agosto;Venezuela;436;444;;880;POINT;836068;-72409396
2016;Septiembre;Venezuela;0;2;;2;POINT;10406342;-75527794
2016;Septiembre;Venezuela;15;114;;129;POINT;10446304;-75516486
2016;Septiembre;Venezuela;11;98;;109;POINT;10886686;-74776479
2016;Septiembre;Venezuela;0;1;;1;POINT;11117206;-74232675
2016;Septiembre;Venezuela;0;1;;1;POINT;11247723;-74213989
2016;Septiembre;Venezuela;4588;5586;;10174;POINT;11360029;-72129595
2016;Septiembre;Venezuela;3;3;;6;POINT;125862;-81702165
2016;Septiembre;Venezuela;9;31;;40;POINT;3451668;-76532004
2016;Septiembre;Venezuela;23;21;;44;POINT;3866713;-67927521
2016;Septiembre;Venezuela;3273;3718;;6991;POINT;4697157;-74140516
2016;Septiembre;Venezuela;3;2;;5;POINT;4815189;-75736374
2016;Septiembre;Venezuela;492;564;;1056;POINT;6170465;-7542726
2016;Septiembre;Venezuela;1864;2356;;4.22;POINT;6185536;-67484028
2016;Septiembre;Venezuela;5522;5453;;10975;POINT;7088729;-70740253
2016;Septiembre;Venezuela;2;2;;4;POINT;7128047;-73181317
2016;Septiembre;Venezuela;6.12;8063;;14183;POINT;7819;-72453013
2016;Septiembre;Venezuela;1;7;;8;POINT;7927233;-72508188
2016;Septiembre;Venezuela;125;137;;262;POINT;836068;-72409396
2016;Octubre;Venezuela;0;5;;5;POINT;10406342;-75527794
2016;Octubre;Venezuela;32;78;;110;POINT;10446304;-75516486
2016;Octubre;Venezuela;19;59;;78;POINT;10886686;-74776479
2016;Octubre;Venezuela;0;7;;7;POINT;10970933;-74765343
2016;Octubre;Venezuela;0;1;;1;POINT;11247723;-74213989
2016;Octubre;Venezuela;4332;5126;;9458;POINT;11360029;-72129595
2016;Octubre;Venezuela;0;2;;2;POINT;125862;-81702165
2016;Octubre;Venezuela;14;32;;46;POINT;3451668;-76532004
2016;Octubre;Venezuela;17;17;;34;POINT;3866713;-67927521
2016;Octubre;Venezuela;0;1;;1;POINT;3884426;-77061029
2016;Octubre;Venezuela;3437;3.95;;7387;POINT;4697157;-74140516
2016;Octubre;Venezuela;6;8;;14;POINT;4815189;-75736374
2016;Octubre;Venezuela;577;621;;1198;POINT;6170465;-7542726
2016;Octubre;Venezuela;1382;1.84;;3222;POINT;6185536;-67484028
2016;Octubre;Venezuela;87;112;;199;POINT;7088729;-70740253
2016;Octubre;Venezuela;2;1;;3;POINT;7128047;-73181317
2016;Octubre;Venezuela;6722;8714;;15436;POINT;7819;-72453013
2016;Octubre;Venezuela;67;84;;151;POINT;836068;-72409396
2016;Noviembre;Venezuela;0;4;;4;POINT;10406342;-75527794
2016;Noviembre;Venezuela;7;17;;24;POINT;10446304;-75516486
2016;Noviembre;Venezuela;31;65;;96;POINT;10886686;-74776479
2016;Noviembre;Venezuela;0;11;;11;POINT;11117206;-74232675
2016;Noviembre;Venezuela;4334;5075;;9409;POINT;11360029;-72129595
2016;Noviembre;Venezuela;2;0;;2;POINT;125862;-81702165
2016;Noviembre;Venezuela;9;54;;63;POINT;3451668;-76532004
2016;Noviembre;Venezuela;44;36;;80;POINT;3866713;-67927521
2016;Noviembre;Venezuela;3419;4073;;7492;POINT;4697157;-74140516
2016;Noviembre;Venezuela;3;3;;6;POINT;4815189;-75736374
2016;Noviembre;Venezuela;563;570;;1133;POINT;6170465;-7542726
2016;Noviembre;Venezuela;785;1024;;1809;POINT;6185536;-67484028
2016;Noviembre;Venezuela;117;161;;278;POINT;7088729;-70740253
2016;Noviembre;Venezuela;2;7;;9;POINT;7128047;-73181317
2016;Noviembre;Venezuela;6.8;8672;;15472;POINT;7819;-72453013
2016;Noviembre;Venezuela;75;75;;150;POINT;836068;-72409396
2016;Diciembre;Venezuela;0;18;;18;POINT;10406342;-75527794
2016;Diciembre;Venezuela;18;37;;55;POINT;10446304;-75516486
2016;Diciembre;Venezuela;20;42;;62;POINT;10886686;-74776479
2016;Diciembre;Venezuela;0;1;;1;POINT;10970933;-74765343
2016;Diciembre;Venezuela;1;4;;5;POINT;11117206;-74232675
2016;Diciembre;Venezuela;3834;3982;;7816;POINT;11360029;-72129595
2016;Diciembre;Venezuela;9;9;;18;POINT;125862;-81702165
2016;Diciembre;Venezuela;14;28;;42;POINT;3451668;-76532004
2016;Diciembre;Venezuela;40;38;;78;POINT;3866713;-67927521
2016;Diciembre;Venezuela;4172;4077;;8249;POINT;4697157;-74140516
2016;Diciembre;Venezuela;4;7;;11;POINT;4815189;-75736374
2016;Diciembre;Venezuela;705;703;;1408;POINT;6170465;-7542726
2016;Diciembre;Venezuela;415;580;;995;POINT;6185536;-67484028
2016;Diciembre;Venezuela;118;165;;283;POINT;7088729;-70740253
2016;Diciembre;Venezuela;5;9;;14;POINT;7128047;-73181317
2016;Diciembre;Venezuela;8818;8976;;17794;POINT;7819;-72453013
2016;Diciembre;Venezuela;1;1;;2;POINT;7927233;-72508188
2016;Diciembre;Venezuela;155;163;;318;POINT;836068;-72409396
2017;Enero;Venezuela;16;31;;47;POINT;10446304;-75516486
2017;Enero;Venezuela;19;74;;93;POINT;10886686;-74776479
2017;Enero;Venezuela;4116;5697;;9813;POINT;11360029;-72129595
2017;Enero;Venezuela;8;30;;38;POINT;3451668;-76532004
2017;Enero;Venezuela;49;39;;88;POINT;3866713;-67927521
2017;Enero;Venezuela;3162;3.4;;6562;POINT;4697157;-74140516
2017;Enero;Venezuela;3;8;;11;POINT;4815189;-75736374
2017;Enero;Venezuela;418;515;;933;POINT;6170465;-7542726
2017;Enero;Venezuela;403;553;;956;POINT;6185536;-67484028
2017;Enero;Venezuela;113;137;;250;POINT;7088729;-70740253
2017;Enero;Venezuela;6;8;;14;POINT;7128047;-73181317
2017;Enero;Venezuela;8.66;12338;;20998;POINT;7819;-72453013
2017;Enero;Venezuela;0;2;;2;POINT;7927233;-72508188
2017;Enero;Venezuela;244;301;;545;POINT;836068;-72409396
2017;Febrero;Venezuela;0;4;;4;POINT;10406342;-75527794
2017;Febrero;Venezuela;5;11;;16;POINT;10446304;-75516486
2017;Febrero;Venezuela;24;73;;97;POINT;10886686;-74776479
2017;Febrero;Venezuela;0;1;;1;POINT;10970933;-74765343
2017;Febrero;Venezuela;11;8;;19;POINT;11117206;-74232675
2017;Febrero;Venezuela;4617;5.72;;10337;POINT;11360029;-72129595
2017;Febrero;Venezuela;1;0;;1;POINT;125862;-81702165
2017;Febrero;Venezuela;9;20;;29;POINT;3451668;-76532004
2017;Febrero;Venezuela;53;46;;99;POINT;3866713;-67927521
2017;Febrero;Venezuela;2.71;3151;;5861;POINT;4697157;-74140516
2017;Febrero;Venezuela;3;3;;6;POINT;4815189;-75736374
2017;Febrero;Venezuela;400;458;;858;POINT;6170465;-7542726
2017;Febrero;Venezuela;517;710;;1227;POINT;6185536;-67484028
2017;Febrero;Venezuela;77;82;;159;POINT;7088729;-70740253
2017;Febrero;Venezuela;2;1;;3;POINT;7128047;-73181317
2017;Febrero;Venezuela;7026;9695;;16721;POINT;7819;-72453013
2017;Febrero;Venezuela;1;10;;11;POINT;7927233;-72508188
2017;Febrero;Venezuela;159;217;;376;POINT;836068;-72409396
2017;Marzo;Venezuela;14;50;;64;POINT;10446304;-75516486
2017;Marzo;Venezuela;19;82;;101;POINT;10886686;-74776479
2017;Marzo;Venezuela;0;1;;1;POINT;10970933;-74765343
2017;Marzo;Venezuela;0;1;;1;POINT;11247723;-74213989
2017;Marzo;Venezuela;4.08;5005;;9085;POINT;11360029;-72129595
2017;Marzo;Venezuela;0;1;;1;POINT;125862;-81702165
2017;Marzo;Venezuela;23;24;;47;POINT;3451668;-76532004
2017;Marzo;Venezuela;167;179;;346;POINT;3866713;-67927521
2017;Marzo;Venezuela;2535;3221;;5756;POINT;4697157;-74140516
2017;Marzo;Venezuela;1;2;;3;POINT;4815189;-75736374
2017;Marzo;Venezuela;391;475;;866;POINT;6170465;-7542726
2017;Marzo;Venezuela;323;484;;807;POINT;6185536;-67484028
2017;Marzo;Venezuela;89;130;;219;POINT;7088729;-70740253
2017;Marzo;Venezuela;4;8;;12;POINT;7128047;-73181317
2017;Marzo;Venezuela;7.2;9792;;16992;POINT;7819;-72453013
2017;Marzo;Venezuela;0;5;;5;POINT;7927233;-72508188
2017;Marzo;Venezuela;240;349;;589;POINT;836068;-72409396
2017;Abril;Venezuela;0;4;;4;POINT;10406342;-75527794
2017;Abril;Venezuela;6;16;;22;POINT;10433609;-73247863
2017;Abril;Venezuela;10;13;;23;POINT;10446304;-75516486
2017;Abril;Venezuela;8;50;;58;POINT;10886686;-74776479
2017;Abril;Venezuela;0;6;;6;POINT;10970933;-74765343
2017;Abril;Venezuela;5168;5629;;10797;POINT;11360029;-72129595
2017;Abril;Venezuela;1;1;;2;POINT;125862;-81702165
2017;Abril;Venezuela;14;20;;34;POINT;3451668;-76532004
2017;Abril;Venezuela;106;120;;226;POINT;3866713;-67927521
2017;Abril;Venezuela;3498;3621;;7119;POINT;4697157;-74140516
2017;Abril;Venezuela;1;3;;4;POINT;4815189;-75736374
2017;Abril;Venezuela;548;561;;1109;POINT;6170465;-7542726
2017;Abril;Venezuela;127;175;;302;POINT;6185536;-67484028
2017;Abril;Venezuela;113;119;;232;POINT;7088729;-70740253
2017;Abril;Venezuela;11;11;;22;POINT;7128047;-73181317
2017;Abril;Venezuela;7956;10225;;18181;POINT;7819;-72453013
2017;Abril;Venezuela;3;7;;10;POINT;7927233;-72508188
2017;Abril;Venezuela;255;269;;524;POINT;836068;-72409396
2017;Mayo;Venezuela;0;10;;10;POINT;10406342;-75527794
2017;Mayo;Venezuela;0;3;;3;POINT;10433609;-73247863
2017;Mayo;Venezuela;7;43;;50;POINT;10446304;-75516486
2017;Mayo;Venezuela;21;58;;79;POINT;10886686;-74776479
2017;Mayo;Venezuela;1;8;;9;POINT;11117206;-74232675
2017;Mayo;Venezuela;5.81;6768;;12578;POINT;11360029;-72129595
2017;Mayo;Venezuela;1;0;;1;POINT;125862;-81702165
2017;Mayo;Venezuela;14;15;;29;POINT;3451668;-76532004
2017;Mayo;Venezuela;11;17;;28;POINT;3866713;-67927521
2017;Mayo;Venezuela;3145;3565;;6.71;POINT;4697157;-74140516
2017;Mayo;Venezuela;3;5;;8;POINT;4815189;-75736374
2017;Mayo;Venezuela;375;481;;856;POINT;6170465;-7542726
2017;Mayo;Venezuela;15;23;;38;POINT;6185536;-67484028
2017;Mayo;Venezuela;184;194;;378;POINT;7088729;-70740253
2017;Mayo;Venezuela;2;1;;3;POINT;7128047;-73181317
2017;Mayo;Venezuela;7773;10764;;18537;POINT;7819;-72453013
2017;Mayo;Venezuela;1;2;;3;POINT;7927233;-72508188
2017;Mayo;Venezuela;451;594;;1045;POINT;836068;-72409396
2017;Junio;Venezuela;0;10;;10;POINT;10406342;-75527794
2017;Junio;Venezuela;7;25;;32;POINT;10446304;-75516486
2017;Junio;Venezuela;6;46;;52;POINT;10886686;-74776479
2017;Junio;Venezuela;5009;5745;;10754;POINT;11360029;-72129595
2017;Junio;Venezuela;1;0;;1;POINT;125862;-81702165
2017;Junio;Venezuela;8;15;;23;POINT;3451668;-76532004
2017;Junio;Venezuela;2;12;;14;POINT;3866713;-67927521
2017;Junio;Venezuela;3191;3644;;6835;POINT;4697157;-74140516
2017;Junio;Venezuela;4;6;;10;POINT;4815189;-75736374
2017;Junio;Venezuela;431;503;;934;POINT;6170465;-7542726
2017;Junio;Venezuela;14;15;;29;POINT;6185536;-67484028
2017;Junio;Venezuela;143;181;;324;POINT;7088729;-70740253
2017;Junio;Venezuela;4;6;;10;POINT;7128047;-73181317
2017;Junio;Venezuela;9674;13026;;22.7;POINT;7819;-72453013
2017;Junio;Venezuela;245;316;;561;POINT;836068;-72409396
2017;Julio;Venezuela;0;5;;5;POINT;10406342;-75527794
2017;Julio;Venezuela;3;19;;22;POINT;10446304;-75516486
2017;Julio;Venezuela;17;47;;64;POINT;10886686;-74776479
2017;Julio;Venezuela;0;1;;1;POINT;10970933;-74765343
2017;Julio;Venezuela;7076;7243;;14319;POINT;11360029;-72129595
2017;Julio;Venezuela;1;1;;2;POINT;125862;-81702165
2017;Julio;Venezuela;25;34;;59;POINT;3451668;-76532004
2017;Julio;Venezuela;12;18;;30;POINT;3866713;-67927521
2017;Julio;Venezuela;4785;4542;;9327;POINT;4697157;-74140516
2017;Julio;Venezuela;3;3;;6;POINT;4815189;-75736374
2017;Julio;Venezuela;713;715;;1428;POINT;6170465;-7542726
2017;Julio;Venezuela;17;16;;33;POINT;6185536;-67484028
2017;Julio;Venezuela;179;175;;354;POINT;7088729;-70740253
2017;Julio;Venezuela;19406;22408;;41814;POINT;7819;-72453013
2017;Julio;Venezuela;3;5;;8;POINT;7927233;-72508188
2017;Julio;Venezuela;0;4;;4;POINT;806667;-767333
2017;Julio;Venezuela;854;811;;1665;POINT;836068;-72409396
2017;Agosto;Venezuela;1;28;;29;POINT;10406342;-75527794
2017;Agosto;Venezuela;10;29;;39;POINT;10446304;-75516486
2017;Agosto;Venezuela;24;69;;93;POINT;10886686;-74776479
2017;Agosto;Venezuela;0;1;;1;POINT;11117206;-74232675
2017;Agosto;Venezuela;1;3;;4;POINT;11247723;-74213989
2017;Agosto;Venezuela;9677;10072;;19749;POINT;11360029;-72129595
2017;Agosto;Venezuela;3;3;;6;POINT;125862;-81702165
2017;Agosto;Venezuela;22;23;;45;POINT;3451668;-76532004
2017;Agosto;Venezuela;15;19;;34;POINT;3866713;-67927521
2017;Agosto;Venezuela;3015;2904;;5919;POINT;4697157;-74140516
2017;Agosto;Venezuela;2;3;;5;POINT;4815189;-75736374
2017;Agosto;Venezuela;573;678;;1251;POINT;6170465;-7542726
2017;Agosto;Venezuela;26;29;;55;POINT;6185536;-67484028
2017;Agosto;Venezuela;299;318;;617;POINT;7088729;-70740253
2017;Agosto;Venezuela;3;5;;8;POINT;7128047;-73181317
2017;Agosto;Venezuela;23.56;27.33;;50.89;POINT;7819;-72453013
2017;Agosto;Venezuela;4;26;;30;POINT;7927233;-72508188
2017;Agosto;Venezuela;850;868;;1718;POINT;836068;-72409396
2017;Septiembre;Venezuela;0;14;;14;POINT;10406342;-75527794
2017;Septiembre;Venezuela;9;18;;27;POINT;10446304;-75516486
2017;Septiembre;Venezuela;8;37;;45;POINT;10886686;-74776479
2017;Septiembre;Venezuela;0;1;;1;POINT;10970933;-74765343
2017;Septiembre;Venezuela;6905;7574;;14479;POINT;11360029;-72129595
2017;Septiembre;Venezuela;17;22;;39;POINT;3451668;-76532004
2017;Septiembre;Venezuela;13;12;;25;POINT;3866713;-67927521
2017;Septiembre;Venezuela;1.62;1.72;;3.34;POINT;4697157;-74140516
2017;Septiembre;Venezuela;0;1;;1;POINT;4815189;-75736374
2017;Septiembre;Venezuela;516;633;;1149;POINT;6170465;-7542726
2017;Septiembre;Venezuela;30;25;;55;POINT;6185536;-67484028
2017;Septiembre;Venezuela;186;204;;390;POINT;7088729;-70740253
2017;Septiembre;Venezuela;1;3;;4;POINT;7128047;-73181317
2017;Septiembre;Venezuela;20416;24712;;45128;POINT;7819;-72453013
2017;Septiembre;Venezuela;0;13;;13;POINT;7927233;-72508188
2017;Septiembre;Venezuela;611;694;;1305;POINT;836068;-72409396
2017;Octubre;Venezuela;0;17;;17;POINT;10406342;-75527794
2017;Octubre;Venezuela;3;18;;21;POINT;10446304;-75516486
2017;Octubre;Venezuela;4;16;;20;POINT;10886686;-74776479
2017;Octubre;Venezuela;0;1;;1;POINT;10970933;-74765343
2017;Octubre;Venezuela;0;5;;5;POINT;11117206;-74232675
2017;Octubre;Venezuela;6655;7.34;;13995;POINT;11360029;-72129595
2017;Octubre;Venezuela;12;50;;62;POINT;3451668;-76532004
2017;Octubre;Venezuela;12;13;;25;POINT;3866713;-67927521
2017;Octubre;Venezuela;173;354;;527;POINT;4697157;-74140516
2017;Octubre;Venezuela;3;9;;12;POINT;4815189;-75736374
2017;Octubre;Venezuela;526;646;;1172;POINT;6170465;-7542726
2017;Octubre;Venezuela;15;24;;39;POINT;6185536;-67484028
2017;Octubre;Venezuela;202;283;;485;POINT;7088729;-70740253
2017;Octubre;Venezuela;1;7;;8;POINT;7128047;-73181317
2017;Octubre;Venezuela;22981;28522;;51503;POINT;7819;-72453013
2017;Octubre;Venezuela;4;65;;69;POINT;7927233;-72508188
2017;Octubre;Venezuela;665;747;;1412;POINT;836068;-72409396
2017;Octubre;Venezuela;0;7;;7;POINT;9402597;-75681642
2017;Noviembre;Venezuela;0;4;;4;POINT;10406342;-75527794
2017;Noviembre;Venezuela;4;16;;20;POINT;10446304;-75516486
2017;Noviembre;Venezuela;19;78;;97;POINT;10886686;-74776479
2017;Noviembre;Venezuela;0;1;;1;POINT;10970933;-74765343
2017;Noviembre;Venezuela;0;6;;6;POINT;11117206;-74232675
2017;Noviembre;Venezuela;6.55;7478;;14028;POINT;11360029;-72129595
2017;Noviembre;Venezuela;4;14;;18;POINT;1152863;-72919186
2017;Noviembre;Venezuela;2;0;;2;POINT;125862;-81702165
2017;Noviembre;Venezuela;29;52;;81;POINT;3451668;-76532004
2017;Noviembre;Venezuela;15;14;;29;POINT;3866713;-67927521
2017;Noviembre;Venezuela;2667;2949;;5616;POINT;4697157;-74140516
2017;Noviembre;Venezuela;3;6;;9;POINT;4815189;-75736374
2017;Noviembre;Venezuela;575;612;;1187;POINT;6170465;-7542726
2017;Noviembre;Venezuela;53;47;;100;POINT;6185536;-67484028
2017;Noviembre;Venezuela;1;7;;8;POINT;6218835;-75586989
2017;Noviembre;Venezuela;262;298;;560;POINT;7088729;-70740253
2017;Noviembre;Venezuela;3;4;;7;POINT;7128047;-73181317
2017;Noviembre;Venezuela;27.47;33868;;61338;POINT;7819;-72453013
2017;Noviembre;Venezuela;3;19;;22;POINT;7927233;-72508188
2017;Noviembre;Venezuela;846;905;;1751;POINT;836068;-72409396
2017;Diciembre;Venezuela;0;5;;5;POINT;10406342;-75527794
2017;Diciembre;Venezuela;28;40;;68;POINT;10446304;-75516486
2017;Diciembre;Venezuela;16;63;;79;POINT;10886686;-74776479
2017;Diciembre;Venezuela;0;4;;4;POINT;10970933;-74765343
2017;Diciembre;Venezuela;2;2;;4;POINT;11117206;-74232675
2017;Diciembre;Venezuela;7412;7323;;14735;POINT;11360029;-72129595
2017;Diciembre;Venezuela;9;10;;19;POINT;1152863;-72919186
2017;Diciembre;Venezuela;32;46;;78;POINT;3451668;-76532004
2017;Diciembre;Venezuela;12;9;;21;POINT;3866713;-67927521
2017;Diciembre;Venezuela;3981;3648;;7629;POINT;4697157;-74140516
2017;Diciembre;Venezuela;1;3;;4;POINT;4815189;-75736374
2017;Diciembre;Venezuela;847;806;;1653;POINT;6170465;-7542726
2017;Diciembre;Venezuela;26;30;;56;POINT;6185536;-67484028
2017;Diciembre;Venezuela;1;2;;3;POINT;6218835;-75586989
2017;Diciembre;Venezuela;369;403;;772;POINT;7088729;-70740253
2017;Diciembre;Venezuela;5;12;;17;POINT;7128047;-73181317
2017;Diciembre;Venezuela;32717;35264;;67981;POINT;7819;-72453013
2017;Diciembre;Venezuela;8;8;;16;POINT;7927233;-72508188
2017;Diciembre;Venezuela;1452;1354;;2806;POINT;836068;-72409396
2018;Enero;Venezuela;5;3;;8;POINT;-4191162;-69941498
2018;Enero;Venezuela;0;1;;1;POINT;-4214082;-69941431
2018;Enero;Venezuela;24;24;;48;POINT;0.33002;-76876446
2018;Enero;Venezuela;2.2;2314;;4514;POINT;0.81488;-77356
2018;Enero;Venezuela;0;1;;1;POINT;1800143;-78802679
2018;Enero;Venezuela;11;21;;32;POINT;10406342;-75527794
2018;Enero;Venezuela;214;332;;546;POINT;10446304;-75516486
2018;Enero;Venezuela;128;212;;340;POINT;10886686;-74776479
2018;Enero;Venezuela;0;2;;2;POINT;10970933;-74765343
2018;Enero;Venezuela;6;32;;38;POINT;11117206;-74232675
2018;Enero;Venezuela;7809;10209;;18018;POINT;11360029;-72129595
2018;Enero;Venezuela;7;2;;9;POINT;1152863;-72919186
2018;Enero;Venezuela;0;3;;3;POINT;12165168;-71983761
2018;Enero;Venezuela;2;1;;3;POINT;125862;-81702165
2018;Enero;Venezuela;108;134;;242;POINT;3451668;-76532004
2018;Enero;Venezuela;3;8;;11;POINT;3866713;-67927521
2018;Enero;Venezuela;4;2;;6;POINT;445285;-75766353
2018;Enero;Venezuela;7073;6646;;13719;POINT;4697157;-74140516
2018;Enero;Venezuela;13;18;;31;POINT;4815189;-75736374
2018;Enero;Venezuela;980;1123;;2103;POINT;6170465;-7542726
2018;Enero;Venezuela;25;35;;60;POINT;6185536;-67484028
2018;Enero;Venezuela;405;571;;976;POINT;7088729;-70740253
2018;Enero;Venezuela;13;16;;29;POINT;7128047;-73181317
2018;Enero;Venezuela;33395;47879;;81274;POINT;7819;-72453013
2018;Enero;Venezuela;5;15;;20;POINT;7927233;-72508188
2018;Enero;Venezuela;2086;2853;;4939;POINT;836068;-72409396
2018;Enero;Venezuela;3;1;;4;POINT;863337;-7735002
2018;Febrero;Venezuela;2;15;;17;POINT;-4191162;-69941498
2018;Febrero;Venezuela;1;5;;6;POINT;-4214082;-69941431
2018;Febrero;Venezuela;24;30;;54;POINT;0.33002;-76876446
2018;Febrero;Venezuela;0;1;;1;POINT;0.812436;-77847006
2018;Febrero;Venezuela;1465;1736;;3201;POINT;0.81488;-77356
2018;Febrero;Venezuela;1;0;;1;POINT;1800143;-78802679
2018;Febrero;Venezuela;9;8;;17;POINT;10406342;-75527794
2018;Febrero;Venezuela;156;229;;385;POINT;10446304;-75516486
2018;Febrero;Venezuela;117;188;;305;POINT;10886686;-74776479
2018;Febrero;Venezuela;28;62;;90;POINT;11117206;-74232675
2018;Febrero;Venezuela;10064;12466;;22.53;POINT;11360029;-72129595
2018;Febrero;Venezuela;0;3;;3;POINT;1152863;-72919186
2018;Febrero;Venezuela;1;4;;5;POINT;12165168;-71983761
2018;Febrero;Venezuela;84;138;;222;POINT;3451668;-76532004
2018;Febrero;Venezuela;14;8;;22;POINT;3866713;-67927521
2018;Febrero;Venezuela;2;2;;4;POINT;445285;-75766353
2018;Febrero;Venezuela;5009;5257;;10266;POINT;4697157;-74140516
2018;Febrero;Venezuela;6;5;;11;POINT;4815189;-75736374
2018;Febrero;Venezuela;742;818;;1.56;POINT;6170465;-7542726
2018;Febrero;Venezuela;41;37;;78;POINT;6185536;-67484028
2018;Febrero;Venezuela;0;3;;3;POINT;6218835;-75586989
2018;Febrero;Venezuela;756;1076;;1832;POINT;7088729;-70740253
2018;Febrero;Venezuela;14;12;;26;POINT;7128047;-73181317
2018;Febrero;Venezuela;34568;48041;;82609;POINT;7819;-72453013
2018;Febrero;Venezuela;3;13;;16;POINT;7927233;-72508188
2018;Febrero;Venezuela;2447;2963;;5.41;POINT;836068;-72409396
2018;Marzo;Venezuela;3;3;;6;POINT;-4191162;-69941498
2018;Marzo;Venezuela;1;1;;2;POINT;-4214082;-69941431
2018;Marzo;Venezuela;20;32;;52;POINT;0.33002;-76876446
2018;Marzo;Venezuela;2;1;;3;POINT;0.812436;-77847006
2018;Marzo;Venezuela;1552;2092;;3644;POINT;0.81488;-77356
2018;Marzo;Venezuela;1;2;;3;POINT;1800143;-78802679
2018;Marzo;Venezuela;17;14;;31;POINT;10406342;-75527794
2018;Marzo;Venezuela;172;191;;363;POINT;10446304;-75516486
2018;Marzo;Venezuela;116;191;;307;POINT;10886686;-74776479
2018;Marzo;Venezuela;0;5;;5;POINT;10970933;-74765343
2018;Marzo;Venezuela;9;21;;30;POINT;11117206;-74232675
2018;Marzo;Venezuela;8988;10.09;;19078;POINT;11360029;-72129595
2018;Marzo;Venezuela;0;1;;1;POINT;1152863;-72919186
2018;Marzo;Venezuela;0;8;;8;POINT;12165168;-71983761
2018;Marzo;Venezuela;3;1;;4;POINT;125862;-81702165
2018;Marzo;Venezuela;0;1;;1;POINT;133387613;-81372937
2018;Marzo;Venezuela;101;109;;210;POINT;3451668;-76532004
2018;Marzo;Venezuela;10;15;;25;POINT;3866713;-67927521
2018;Marzo;Venezuela;3;1;;4;POINT;445285;-75766353
2018;Marzo;Venezuela;5215;5546;;10761;POINT;4697157;-74140516
2018;Marzo;Venezuela;9;9;;18;POINT;4815189;-75736374
2018;Marzo;Venezuela;883;896;;1779;POINT;6170465;-7542726
2018;Marzo;Venezuela;53;64;;117;POINT;6185536;-67484028
2018;Marzo;Venezuela;892;1.08;;1972;POINT;7088729;-70740253
2018;Marzo;Venezuela;6;17;;23;POINT;7128047;-73181317
2018;Marzo;Venezuela;32599;41798;;74397;POINT;7819;-72453013
2018;Marzo;Venezuela;0;6;;6;POINT;7927233;-72508188
2018;Marzo;Venezuela;2618;2992;;5.61;POINT;836068;-72409396
2018;Abril;Venezuela;1;6;;7;POINT;-4191162;-69941498
2018;Abril;Venezuela;39;51;;90;POINT;0.33002;-76876446
2018;Abril;Venezuela;6;1;;7;POINT;0.812436;-77847006
2018;Abril;Venezuela;1.59;2241;;3831;POINT;0.81488;-77356
2018;Abril;Venezuela;1;3;;4;POINT;1800143;-78802679
2018;Abril;Venezuela;7;36;;43;POINT;10406342;-75527794
2018;Abril;Venezuela;15;35;;50;POINT;10433609;-73247863
2018;Abril;Venezuela;114;155;;269;POINT;10446304;-75516486
2018;Abril;Venezuela;92;165;;257;POINT;10886686;-74776479
2018;Abril;Venezuela;8;19;;27;POINT;11117206;-74232675
2018;Abril;Venezuela;8482;9745;;18227;POINT;11360029;-72129595
2018;Abril;Venezuela;6;6;;12;POINT;1152863;-72919186
2018;Abril;Venezuela;4;1;;5;POINT;125862;-81702165
2018;Abril;Venezuela;64;98;;162;POINT;3451668;-76532004
2018;Abril;Venezuela;11;10;;21;POINT;3866713;-67927521
2018;Abril;Venezuela;0;1;;1;POINT;445285;-75766353
2018;Abril;Venezuela;5.75;6043;;11793;POINT;4697157;-74140516
2018;Abril;Venezuela;7;7;;14;POINT;4815189;-75736374
2018;Abril;Venezuela;1446;1683;;3129;POINT;6170465;-7542726
2018;Abril;Venezuela;73;48;;121;POINT;6185536;-67484028
2018;Abril;Venezuela;4;10;;14;POINT;6218835;-75586989
2018;Abril;Venezuela;896;1176;;2072;POINT;7088729;-70740253
2018;Abril;Venezuela;25;31;;56;POINT;7128047;-73181317
2018;Abril;Venezuela;34.81;42529;;77339;POINT;7819;-72453013
2018;Abril;Venezuela;12;25;;37;POINT;7927233;-72508188
2018;Abril;Venezuela;2.66;2901;;5561;POINT;836068;-72409396
2018;Mayo;Venezuela;0;6;;6;POINT;-4191162;-69941498
2018;Mayo;Venezuela;2;3;;5;POINT;-4214082;-69941431
2018;Mayo;Venezuela;54;51;;105;POINT;0.33002;-76876446
2018;Mayo;Venezuela;0;2;;2;POINT;0.812436;-77847006
2018;Mayo;Venezuela;1759;2426;;4185;POINT;0.81488;-77356
2018;Mayo;Venezuela;3;0;;3;POINT;1800143;-78802679
2018;Mayo;Venezuela;4;3;;7;POINT;10406342;-75527794
2018;Mayo;Venezuela;150;196;;346;POINT;10446304;-75516486
2018;Mayo;Venezuela;109;205;;314;POINT;10886686;-74776479
2018;Mayo;Venezuela;0;2;;2;POINT;11247723;-74213989
2018;Mayo;Venezuela;7143;8.04;;15183;POINT;11360029;-72129595
2018;Mayo;Venezuela;6;5;;11;POINT;1152863;-72919186
2018;Mayo;Venezuela;0;31;;31;POINT;12165168;-71983761
2018;Mayo;Venezuela;8;3;;11;POINT;125862;-81702165
2018;Mayo;Venezuela;72;107;;179;POINT;3451668;-76532004
2018;Mayo;Venezuela;11;20;;31;POINT;3866713;-67927521
2018;Mayo;Venezuela;6278;6305;;12583;POINT;4697157;-74140516
2018;Mayo;Venezuela;8;24;;32;POINT;4815189;-75736374
2018;Mayo;Venezuela;1195;1319;;2514;POINT;6170465;-7542726
2018;Mayo;Venezuela;72;64;;136;POINT;6185536;-67484028
2018;Mayo;Venezuela;874;1013;;1887;POINT;7088729;-70740253
2018;Mayo;Venezuela;23;16;;39;POINT;7128047;-73181317
2018;Mayo;Venezuela;33579;37933;;71512;POINT;7819;-72453013
2018;Mayo;Venezuela;4;7;;11;POINT;7927233;-72508188
2018;Mayo;Venezuela;2583;2689;;5272;POINT;836068;-72409396
2018;Junio;Venezuela;3;6;;9;POINT;-4191162;-69941498
2018;Junio;Venezuela;2;6;;8;POINT;-4214082;-69941431
2018;Junio;Venezuela;45;53;;98;POINT;0.33002;-76876446
2018;Junio;Venezuela;1;0;;1;POINT;0.812436;-77847006
2018;Junio;Venezuela;1966;2434;;4.4;POINT;0.81488;-77356
2018;Junio;Venezuela;2;3;;5;POINT;1800143;-78802679
2018;Junio;Venezuela;11;61;;72;POINT;10406342;-75527794
2018;Junio;Venezuela;168;275;;443;POINT;10446304;-75516486
2018;Junio;Venezuela;98;183;;281;POINT;10886686;-74776479
2018;Junio;Venezuela;0;3;;3;POINT;10970933;-74765343
2018;Junio;Venezuela;3;1;;4;POINT;11117206;-74232675
2018;Junio;Venezuela;1;0;;1;POINT;11247723;-74213989
2018;Junio;Venezuela;6375;7289;;13664;POINT;11360029;-72129595
2018;Junio;Venezuela;1;2;;3;POINT;12165168;-71983761
2018;Junio;Venezuela;0;1;;1;POINT;125744111;-81703935
2018;Junio;Venezuela;2;5;;7;POINT;125862;-81702165
2018;Junio;Venezuela;90;123;;213;POINT;3451668;-76532004
2018;Junio;Venezuela;7;19;;26;POINT;3866713;-67927521
2018;Junio;Venezuela;5151;5393;;10544;POINT;4697157;-74140516
2018;Junio;Venezuela;8;7;;15;POINT;4815189;-75736374
2018;Junio;Venezuela;849;829;;1678;POINT;6170465;-7542726
2018;Junio;Venezuela;54;60;;114;POINT;6185536;-67484028
2018;Junio;Venezuela;740;911;;1651;POINT;7088729;-70740253
2018;Junio;Venezuela;14;17;;31;POINT;7128047;-73181317
2018;Junio;Venezuela;26.71;29983;;56693;POINT;7819;-72453013
2018;Junio;Venezuela;4;14;;18;POINT;7927233;-72508188
2018;Junio;Venezuela;2.27;2189;;4459;POINT;836068;-72409396
2018;Junio;Venezuela;0;1;;1;POINT;863337;-7735002
2018;Julio;Venezuela;0;1;;1;POINT;-4191162;-69941498
2018;Julio;Venezuela;4;0;;4;POINT;-4214082;-69941431
2018;Julio;Venezuela;0;1;;1;POINT;0.185957;-7478366
2018;Julio;Venezuela;64;65;;129;POINT;0.33002;-76876446
2018;Julio;Venezuela;2566;3.15;;5716;POINT;0.81488;-77356
2018;Julio;Venezuela;3;5;;8;POINT;1800143;-78802679
2018;Julio;Venezuela;13;13;;26;POINT;10406342;-75527794
2018;Julio;Venezuela;276;361;;637;POINT;10446304;-75516486
2018;Julio;Venezuela;306;586;;892;POINT;10886686;-74776479
2018;Julio;Venezuela;1;3;;4;POINT;11117206;-74232675
2018;Julio;Venezuela;1;0;;1;POINT;11247723;-74213989
2018;Julio;Venezuela;8805;8.32;;17125;POINT;11360029;-72129595
2018;Julio;Venezuela;0;15;;15;POINT;12165168;-71983761
2018;Julio;Venezuela;10;5;;15;POINT;125862;-81702165
2018;Julio;Venezuela;146;175;;321;POINT;3451668;-76532004
2018;Julio;Venezuela;14;12;;26;POINT;3866713;-67927521
2018;Julio;Venezuela;1;0;;1;POINT;445285;-75766353
2018;Julio;Venezuela;5395;5389;;10784;POINT;4697157;-74140516
2018;Julio;Venezuela;9;16;;25;POINT;4815189;-75736374
2018;Julio;Venezuela;871;896;;1767;POINT;6170465;-7542726
2018;Julio;Venezuela;44;31;;75;POINT;6185536;-67484028
2018;Julio;Venezuela;3;4;;7;POINT;6218835;-75586989
2018;Julio;Venezuela;1139;1266;;2405;POINT;7088729;-70740253
2018;Julio;Venezuela;12;7;;19;POINT;7128047;-73181317
2018;Julio;Venezuela;36362;36633;;72995;POINT;7819;-72453013
2018;Julio;Venezuela;1;3;;4;POINT;7927233;-72508188
2018;Julio;Venezuela;3675;3143;;6818;POINT;836068;-72409396
2018;Agosto;Venezuela;1;0;;1;POINT;4697157;-74140516
2018;Agosto;Venezuela;5;8;;13;POINT;-4191162;-69941498
2018;Agosto;Venezuela;0;1;;1;POINT;-4214082;-69941431
2018;Agosto;Venezuela;128;154;;282;POINT;0.33002;-76876446
2018;Agosto;Venezuela;3;3;;6;POINT;0.812436;-77847006
2018;Agosto;Venezuela;2513;3169;;5682;POINT;0.81488;-77356
2018;Agosto;Venezuela;5;1;;6;POINT;1800143;-78802679
2018;Agosto;Venezuela;18;29;;47;POINT;10406342;-75527794
2018;Agosto;Venezuela;206;227;;433;POINT;10446304;-75516486
2018;Agosto;Venezuela;136;209;;345;POINT;10886686;-74776479
2018;Agosto;Venezuela;0;8;;8;POINT;11117206;-74232675
2018;Agosto;Venezuela;0;1;;1;POINT;11247723;-74213989
2018;Agosto;Venezuela;10.94;9426;;20366;POINT;11360029;-72129595
2018;Agosto;Venezuela;1;34;;35;POINT;12165168;-71983761
2018;Agosto;Venezuela;6;4;;10;POINT;125862;-81702165
2018;Agosto;Venezuela;111;145;;256;POINT;3451668;-76532004
2018;Agosto;Venezuela;7;4;;11;POINT;3866713;-67927521
2018;Agosto;Venezuela;1;5;;6;POINT;445285;-75766353
2018;Agosto;Venezuela;6062;6254;;12316;POINT;4697157;-74140516
2018;Agosto;Venezuela;16;18;;34;POINT;4815189;-75736374
2018;Agosto;Venezuela;1017;973;;1.99;POINT;6170465;-7542726
2018;Agosto;Venezuela;34;33;;67;POINT;6185536;-67484028
2018;Agosto;Venezuela;1625;1634;;3259;POINT;7088729;-70740253
2018;Agosto;Venezuela;9;5;;14;POINT;7128047;-73181317
2018;Agosto;Venezuela;38931;35.94;;74871;POINT;7819;-72453013
2018;Agosto;Venezuela;5;8;;13;POINT;7927233;-72508188
2018;Agosto;Venezuela;4649;3773;;8422;POINT;836068;-72409396
2018;Septiembre;Venezuela;1;2;;3;POINT;-4191162;-69941498
2018;Septiembre;Venezuela;2;3;;5;POINT;-4214082;-69941431
2018;Septiembre;Venezuela;0;1;;1;POINT;0.185957;-7478366
2018;Septiembre;Venezuela;58;98;;156;POINT;0.33002;-76876446
2018;Septiembre;Venezuela;3492;4012;;7504;POINT;0.81488;-77356
2018;Septiembre;Venezuela;2;1;;3;POINT;1800143;-78802679
2018;Septiembre;Venezuela;16;28;;44;POINT;10406342;-75527794
2018;Septiembre;Venezuela;203;225;;428;POINT;10446304;-75516486
2018;Septiembre;Venezuela;116;180;;296;POINT;10886686;-74776479
2018;Septiembre;Venezuela;0;2;;2;POINT;11117206;-74232675
2018;Septiembre;Venezuela;7874;7088;;14962;POINT;11360029;-72129595
2018;Septiembre;Venezuela;0;11;;11;POINT;12165168;-71983761
2018;Septiembre;Venezuela;3;5;;8;POINT;125862;-81702165
2018;Septiembre;Venezuela;118;124;;242;POINT;3451668;-76532004
2018;Septiembre;Venezuela;5;9;;14;POINT;3866713;-67927521
2018;Septiembre;Venezuela;3;3;;6;POINT;445285;-75766353
2018;Septiembre;Venezuela;6755;6815;;13.57;POINT;4697157;-74140516
2018;Septiembre;Venezuela;8;12;;20;POINT;4815189;-75736374
2018;Septiembre;Venezuela;839;955;;1794;POINT;6170465;-7542726
2018;Septiembre;Venezuela;59;41;;100;POINT;6185536;-67484028
2018;Septiembre;Venezuela;0;4;;4;POINT;6218835;-75586989
2018;Septiembre;Venezuela;1063;1037;;2.1;POINT;7088729;-70740253
2018;Septiembre;Venezuela;11;16;;27;POINT;7128047;-73181317
2018;Septiembre;Venezuela;27.88;24472;;52352;POINT;7819;-72453013
2018;Septiembre;Venezuela;2703;2291;;4994;POINT;836068;-72409396
2018;Octubre;Venezuela;4;10;;14;POINT;-4191162;-69941498
2018;Octubre;Venezuela;0;1;;1;POINT;-4214082;-69941431
2018;Octubre;Venezuela;0;1;;1;POINT;0.185957;-7478366
2018;Octubre;Venezuela;92;94;;186;POINT;0.33002;-76876446
2018;Octubre;Venezuela;4276;4.9;;9176;POINT;0.81488;-77356
2018;Octubre;Venezuela;5;2;;7;POINT;1800143;-78802679
2018;Octubre;Venezuela;5;7;;12;POINT;10406342;-75527794
2018;Octubre;Venezuela;173;175;;348;POINT;10446304;-75516486
2018;Octubre;Venezuela;135;232;;367;POINT;10886686;-74776479
2018;Octubre;Venezuela;4;11;;15;POINT;11117206;-74232675
2018;Octubre;Venezuela;0;5;;5;POINT;11247723;-74213989
2018;Octubre;Venezuela;7.23;6377;;13607;POINT;11360029;-72129595
2018;Octubre;Venezuela;1;6;;7;POINT;125862;-81702165
2018;Octubre;Venezuela;94;133;;227;POINT;3451668;-76532004
2018;Octubre;Venezuela;17;22;;39;POINT;3866713;-67927521
2018;Octubre;Venezuela;1;2;;3;POINT;445285;-75766353
2018;Octubre;Venezuela;6722;6937;;13659;POINT;4697157;-74140516
2018;Octubre;Venezuela;8;14;;22;POINT;4815189;-75736374
2018;Octubre;Venezuela;740;823;;1563;POINT;6170465;-7542726
2018;Octubre;Venezuela;55;48;;103;POINT;6185536;-67484028
2018;Octubre;Venezuela;1.28;1311;;2591;POINT;7088729;-70740253
2018;Octubre;Venezuela;16;13;;29;POINT;7128047;-73181317
2018;Octubre;Venezuela;33.39;28.14;;61.53;POINT;7819;-72453013
2018;Octubre;Venezuela;4;11;;15;POINT;7927233;-72508188
2018;Octubre;Venezuela;2794;2333;;5127;POINT;836068;-72409396
2018;Noviembre;Venezuela;4;6;;10;POINT;-4191162;-69941498
2018;Noviembre;Venezuela;1;1;;2;POINT;-4214082;-69941431
2018;Noviembre;Venezuela;98;83;;181;POINT;0.33002;-76876446
2018;Noviembre;Venezuela;3;0;;3;POINT;0.812436;-77847006
2018;Noviembre;Venezuela;4814;5704;;10518;POINT;0.81488;-77356
2018;Noviembre;Venezuela;5;2;;7;POINT;1800143;-78802679
2018;Noviembre;Venezuela;19;37;;56;POINT;10406342;-75527794
2018;Noviembre;Venezuela;231;249;;480;POINT;10446304;-75516486
2018;Noviembre;Venezuela;104;171;;275;POINT;10886686;-74776479
2018;Noviembre;Venezuela;0;3;;3;POINT;10970933;-74765343
2018;Noviembre;Venezuela;1;7;;8;POINT;11117206;-74232675
2018;Noviembre;Venezuela;0;1;;1;POINT;11247723;-74213989
2018;Noviembre;Venezuela;6182;5413;;11595;POINT;11360029;-72129595
2018;Noviembre;Venezuela;0;1;;1;POINT;1152863;-72919186
2018;Noviembre;Venezuela;0;1;;1;POINT;125744111;-81703935
2018;Noviembre;Venezuela;9;5;;14;POINT;125862;-81702165
2018;Noviembre;Venezuela;100;130;;230;POINT;3451668;-76532004
2018;Noviembre;Venezuela;31;16;;47;POINT;3866713;-67927521
2018;Noviembre;Venezuela;1;0;;1;POINT;445285;-75766353
2018;Noviembre;Venezuela;7314;7513;;14827;POINT;4697157;-74140516
2018;Noviembre;Venezuela;8;14;;22;POINT;4815189;-75736374
2018;Noviembre;Venezuela;911;927;;1838;POINT;6170465;-7542726
2018;Noviembre;Venezuela;63;48;;111;POINT;6185536;-67484028
2018;Noviembre;Venezuela;1078;1011;;2089;POINT;7088729;-70740253
2018;Noviembre;Venezuela;19;26;;45;POINT;7128047;-73181317
2018;Noviembre;Venezuela;24218;19495;;43713;POINT;7819;-72453013
2018;Noviembre;Venezuela;1;6;;7;POINT;7927233;-72508188
2018;Noviembre;Venezuela;3083;2265;;5348;POINT;836068;-72409396
2018;Diciembre;Venezuela;7;8;;15;POINT;-4191162;-69941498
2018;Diciembre;Venezuela;6;5;;11;POINT;-4214082;-69941431
2018;Diciembre;Venezuela;0;1;;1;POINT;0.185957;-7478366
2018;Diciembre;Venezuela;135;143;;278;POINT;0.33002;-76876446
2018;Diciembre;Venezuela;7788;9551;;17339;POINT;0.81488;-77356
2018;Diciembre;Venezuela;2;1;;3;POINT;1800143;-78802679
2018;Diciembre;Venezuela;27;30;;57;POINT;10406342;-75527794
2018;Diciembre;Venezuela;259;252;;511;POINT;10446304;-75516486
2018;Diciembre;Venezuela;198;277;;475;POINT;10886686;-74776479
2018;Diciembre;Venezuela;1;1;;2;POINT;10970933;-74765343
2018;Diciembre;Venezuela;4;14;;18;POINT;11117206;-74232675
2018;Diciembre;Venezuela;1;0;;1;POINT;11247723;-74213989
2018;Diciembre;Venezuela;7.02;5683;;12703;POINT;11360029;-72129595
2018;Diciembre;Venezuela;5;4;;9;POINT;125862;-81702165
2018;Diciembre;Venezuela;338;336;;674;POINT;3451668;-76532004
2018;Diciembre;Venezuela;23;13;;36;POINT;3866713;-67927521
2018;Diciembre;Venezuela;4;2;;6;POINT;445285;-75766353
2018;Diciembre;Venezuela;9164;9008;;18172;POINT;4697157;-74140516
2018;Diciembre;Venezuela;9;24;;33;POINT;4815189;-75736374
2018;Diciembre;Venezuela;1224;1157;;2381;POINT;6170465;-7542726
2018;Diciembre;Venezuela;73;56;;129;POINT;6185536;-67484028
2018;Diciembre;Venezuela;1083;977;;2.06;POINT;7088729;-70740253
2018;Diciembre;Venezuela;17;39;;56;POINT;7128047;-73181317
2018;Diciembre;Venezuela;26412;19223;;45635;POINT;7819;-72453013
2018;Diciembre;Venezuela;2;19;;21;POINT;7927233;-72508188
2018;Diciembre;Venezuela;3622;2408;;6.03;POINT;836068;-72409396
2018;Diciembre;Venezuela;0;1;;1;POINT;863337;-7735002
2019;Enero;Venezuela;9;4;;13;POINT;-4191162;-69941498
2019;Enero;Venezuela;1;2;;3;POINT;-4214082;-69941431
2019;Enero;Venezuela;103;83;;186;POINT;0.33002;-76876446
2019;Enero;Venezuela;3;4;;7;POINT;0.812436;-77847006
2019;Enero;Venezuela;4952;4762;;9714;POINT;0.81488;-77356
2019;Enero;Venezuela;5;2;;7;POINT;1800143;-78802679
2019;Enero;Venezuela;32;48;;80;POINT;10406342;-75527794
2019;Enero;Venezuela;189;205;;394;POINT;10446304;-75516486
2019;Enero;Venezuela;171;219;;390;POINT;10886686;-74776479
2019;Enero;Venezuela;0;1;;1;POINT;10970933;-74765343
2019;Enero;Venezuela;9;7;;16;POINT;11117206;-74232675
2019;Enero;Venezuela;5527;5326;;10853;POINT;11360029;-72129595
2019;Enero;Venezuela;0;2;;2;POINT;12165168;-71983761
2019;Enero;Venezuela;7;2;;9;POINT;125862;-81702165
2019;Enero;Venezuela;299;348;;647;POINT;3451668;-76532004
2019;Enero;Venezuela;25;30;;55;POINT;3866713;-67927521
2019;Enero;Venezuela;3;2;;5;POINT;445285;-75766353
2019;Enero;Venezuela;8371;7406;;15777;POINT;4697157;-74140516
2019;Enero;Venezuela;24;23;;47;POINT;4815189;-75736374
2019;Enero;Venezuela;874;870;;1744;POINT;6170465;-7542726
2019;Enero;Venezuela;49;31;;80;POINT;6185536;-67484028
2019;Enero;Venezuela;1;7;;8;POINT;6218835;-75586989
2019;Enero;Venezuela;1159;1108;;2267;POINT;7088729;-70740253
2019;Enero;Venezuela;18;21;;39;POINT;7128047;-73181317
2019;Enero;Venezuela;23014;21954;;44968;POINT;7819;-72453013
2019;Enero;Venezuela;2;9;;11;POINT;7927233;-72508188
2019;Enero;Venezuela;2331;2061;;4392;POINT;836068;-72409396
2019;Enero;Venezuela;0;1;;1;POINT;9402597;-75681642
2019;Febrero;Venezuela;2;6;;8;POINT;-4191162;-69941498
2019;Febrero;Venezuela;2;1;;3;POINT;-4214082;-69941431
2019;Febrero;Venezuela;0;1;;1;POINT;0.185957;-7478366
2019;Febrero;Venezuela;49;67;;116;POINT;0.33002;-76876446
2019;Febrero;Venezuela;3526;3604;;7.13;POINT;0.81488;-77356
2019;Febrero;Venezuela;1;0;;1;POINT;1800143;-78802679
2019;Febrero;Venezuela;22;19;;41;POINT;10406342;-75527794
2019;Febrero;Venezuela;246;289;;535;POINT;10446304;-75516486
2019;Febrero;Venezuela;119;158;;277;POINT;10886686;-74776479
2019;Febrero;Venezuela;0;1;;1;POINT;10970933;-74765343
2019;Febrero;Venezuela;3;8;;11;POINT;11117206;-74232675
2019;Febrero;Venezuela;4402;4.16;;8562;POINT;11360029;-72129595
2019;Febrero;Venezuela;0;1;;1;POINT;12165168;-71983761
2019;Febrero;Venezuela;5;2;;7;POINT;125862;-81702165
2019;Febrero;Venezuela;238;275;;513;POINT;3451668;-76532004
2019;Febrero;Venezuela;23;17;;40;POINT;3866713;-67927521
2019;Febrero;Venezuela;6;5983;;11983;POINT;4697157;-74140516
2019;Febrero;Venezuela;19;15;;34;POINT;4815189;-75736374
2019;Febrero;Venezuela;781;790;;1571;POINT;6170465;-7542726
2019;Febrero;Venezuela;39;30;;69;POINT;6185536;-67484028
2019;Febrero;Venezuela;662;603;;1265;POINT;7088729;-70740253
2019;Febrero;Venezuela;12;12;;24;POINT;7128047;-73181317
2019;Febrero;Venezuela;20665;17554;;38219;POINT;7819;-72453013
2019;Febrero;Venezuela;18;40;;58;POINT;7927233;-72508188
2019;Febrero;Venezuela;1636;1283;;2919;POINT;836068;-72409396
2019;Marzo;Venezuela;2;2;;4;POINT;-4191162;-69941498
2019;Marzo;Venezuela;4;4;;8;POINT;-4214082;-69941431
2019;Marzo;Venezuela;58;64;;122;POINT;0.33002;-76876446
2019;Marzo;Venezuela;1;1;;2;POINT;0.812436;-77847006
2019;Marzo;Venezuela;3262;3451;;6713;POINT;0.81488;-77356
2019;Marzo;Venezuela;0;16;;16;POINT;1800143;-78802679
2019;Marzo;Venezuela;19;35;;54;POINT;10406342;-75527794
2019;Marzo;Venezuela;251;336;;587;POINT;10446304;-75516486
2019;Marzo;Venezuela;250;388;;638;POINT;10886686;-74776479
2019;Marzo;Venezuela;0;7;;7;POINT;10970933;-74765343
2019;Marzo;Venezuela;40;95;;135;POINT;11117206;-74232675
2019;Marzo;Venezuela;0;6;;6;POINT;11247723;-74213989
2019;Marzo;Venezuela;6165;5155;;11.32;POINT;11360029;-72129595
2019;Marzo;Venezuela;0;2;;2;POINT;12165168;-71983761
2019;Marzo;Venezuela;5;7;;12;POINT;125862;-81702165
2019;Marzo;Venezuela;217;250;;467;POINT;3451668;-76532004
2019;Marzo;Venezuela;6;7;;13;POINT;3866713;-67927521
2019;Marzo;Venezuela;1;2;;3;POINT;445285;-75766353
2019;Marzo;Venezuela;7513;7329;;14842;POINT;4697157;-74140516
2019;Marzo;Venezuela;6;17;;23;POINT;4815189;-75736374
2019;Marzo;Venezuela;934;1173;;2107;POINT;6170465;-7542726
2019;Marzo;Venezuela;27;31;;58;POINT;6185536;-67484028
2019;Marzo;Venezuela;2;1;;3;POINT;6218835;-75586989
2019;Marzo;Venezuela;349;311;;660;POINT;7088729;-70740253
2019;Marzo;Venezuela;13;15;;28;POINT;7128047;-73181317
2019;Marzo;Venezuela;19031;16212;;35243;POINT;7819;-72453013
2019;Marzo;Venezuela;12;42;;54;POINT;7927233;-72508188
2019;Marzo;Venezuela;1152;955;;2107;POINT;836068;-72409396
2019;Abril;Venezuela;3;4;;7;POINT;-4191162;-69941498
2019;Abril;Venezuela;5;8;;13;POINT;-4214082;-69941431
2019;Abril;Venezuela;0;2;;2;POINT;0.185957;-7478366
2019;Abril;Venezuela;131;118;;249;POINT;0.33002;-76876446
2019;Abril;Venezuela;3.33;3554;;6884;POINT;0.81488;-77356
2019;Abril;Venezuela;4;9;;13;POINT;1800143;-78802679
2019;Abril;Venezuela;22;17;;39;POINT;10406342;-75527794
2019;Abril;Venezuela;10;36;;46;POINT;10433609;-73247863
2019;Abril;Venezuela;205;271;;476;POINT;10446304;-75516486
2019;Abril;Venezuela;270;329;;599;POINT;10886686;-74776479
2019;Abril;Venezuela;0;5;;5;POINT;10970933;-74765343
2019;Abril;Venezuela;23;63;;86;POINT;11117206;-74232675
2019;Abril;Venezuela;9801;8584;;18385;POINT;11360029;-72129595
2019;Abril;Venezuela;0;1;;1;POINT;12165168;-71983761
2019;Abril;Venezuela;0;1;;1;POINT;125744111;-81703935
2019;Abril;Venezuela;4;3;;7;POINT;125862;-81702165
2019;Abril;Venezuela;243;225;;468;POINT;3451668;-76532004
2019;Abril;Venezuela;21;10;;31;POINT;3866713;-67927521
2019;Abril;Venezuela;1;0;;1;POINT;445285;-75766353
2019;Abril;Venezuela;7563;7.51;;15073;POINT;4697157;-74140516
2019;Abril;Venezuela;7;14;;21;POINT;4815189;-75736374
2019;Abril;Venezuela;1009;951;;1.96;POINT;6170465;-7542726
2019;Abril;Venezuela;43;37;;80;POINT;6185536;-67484028
2019;Abril;Venezuela;517;465;;982;POINT;7088729;-70740253
2019;Abril;Venezuela;13;4;;17;POINT;7128047;-73181317
2019;Abril;Venezuela;27906;24989;;52895;POINT;7819;-72453013
2019;Abril;Venezuela;15;30;;45;POINT;7927233;-72508188
2019;Abril;Venezuela;1239;1001;;2.24;POINT;836068;-72409396
2019;Mayo;Venezuela;4;7;;11;POINT;-4191162;-69941498
2019;Mayo;Venezuela;5;4;;9;POINT;-4214082;-69941431
2019;Mayo;Venezuela;66;78;;144;POINT;0.33002;-76876446
2019;Mayo;Venezuela;3618;3863;;7481;POINT;0.81488;-77356
2019;Mayo;Venezuela;3;18;;21;POINT;1800143;-78802679
2019;Mayo;Venezuela;11;20;;31;POINT;10406342;-75527794
2019;Mayo;Venezuela;229;222;;451;POINT;10446304;-75516486
2019;Mayo;Venezuela;249;328;;577;POINT;10886686;-74776479
2019;Mayo;Venezuela;12;44;;56;POINT;11117206;-74232675
2019;Mayo;Venezuela;0;2;;2;POINT;11247723;-74213989
2019;Mayo;Venezuela;8727;7879;;16606;POINT;11360029;-72129595
2019;Mayo;Venezuela;0;1;;1;POINT;1152863;-72919186
2019;Mayo;Venezuela;2;3;;5;POINT;125862;-81702165
2019;Mayo;Venezuela;0;1;;1;POINT;133387613;-81372937
2019;Mayo;Venezuela;213;234;;447;POINT;3451668;-76532004
2019;Mayo;Venezuela;43;21;;64;POINT;3866713;-67927521
2019;Mayo;Venezuela;3;1;;4;POINT;445285;-75766353
2019;Mayo;Venezuela;8546;8266;;16812;POINT;4697157;-74140516
2019;Mayo;Venezuela;9;20;;29;POINT;4815189;-75736374
2019;Mayo;Venezuela;1529;1685;;3214;POINT;6170465;-7542726
2019;Mayo;Venezuela;39;55;;94;POINT;6185536;-67484028
2019;Mayo;Venezuela;471;434;;905;POINT;7088729;-70740253
2019;Mayo;Venezuela;9;7;;16;POINT;7128047;-73181317
2019;Mayo;Venezuela;29767;28185;;57952;POINT;7819;-72453013
2019;Mayo;Venezuela;8;18;;26;POINT;7927233;-72508188
2019;Mayo;Venezuela;1251;1066;;2317;POINT;836068;-72409396
2019;Junio;Venezuela;4;3;;7;POINT;-4191162;-69941498
2019;Junio;Venezuela;6;3;;9;POINT;-4214082;-69941431
2019;Junio;Venezuela;81;73;;154;POINT;0.33002;-76876446
2019;Junio;Venezuela;3555;3698;;7253;POINT;0.81488;-77356
2019;Junio;Venezuela;2;20;;22;POINT;1800143;-78802679
2019;Junio;Venezuela;17;42;;59;POINT;10406342;-75527794
2019;Junio;Venezuela;199;219;;418;POINT;10446304;-75516486
2019;Junio;Venezuela;291;405;;696;POINT;10886686;-74776479
2019;Junio;Venezuela;16;27;;43;POINT;11117206;-74232675
2019;Junio;Venezuela;7884;7359;;15243;POINT;11360029;-72129595
2019;Junio;Venezuela;0;2;;2;POINT;1152863;-72919186
2019;Junio;Venezuela;3;2;;5;POINT;125862;-81702165
2019;Junio;Venezuela;206;224;;430;POINT;3451668;-76532004
2019;Junio;Venezuela;21;19;;40;POINT;3866713;-67927521
2019;Junio;Venezuela;2;2;;4;POINT;445285;-75766353
2019;Junio;Venezuela;7.9;7827;;15727;POINT;4697157;-74140516
2019;Junio;Venezuela;7;20;;27;POINT;4815189;-75736374
2019;Junio;Venezuela;1515;1474;;2989;POINT;6170465;-7542726
2019;Junio;Venezuela;38;28;;66;POINT;6185536;-67484028
2019;Junio;Venezuela;700;690;;1.39;POINT;7088729;-70740253
2019;Junio;Venezuela;9;13;;22;POINT;7128047;-73181317
2019;Junio;Venezuela;29976;26826;;56802;POINT;7819;-72453013
2019;Junio;Venezuela;12;28;;40;POINT;7927233;-72508188
2019;Junio;Venezuela;1904;1597;;3501;POINT;836068;-72409396
2019;Junio;Venezuela;1;0;;1;POINT;863337;-7735002
